BeneficiaryId,BeneficiaryName,Value
Aba North,Aba North,
Aba South,Aba South,
Arochukwu,Arochukwu,
Bende,Bende,
Ikwuano,Ikwuano,
Isiala Ngwa North,Isiala Ngwa North,
Isiala Ngwa South,Isiala Ngwa South,
Isikwato,Isikwato,
Obi Ngwa,Obi Ngwa,
Ohafia,Ohafia,
Osisioma Ngwa,Osisioma Ngwa,
Ugwunagbo,Ugwunagbo,
Ukwu East,Ukwu East,
Ukwu West,Ukwu West,
Umuahia North,Umuahia North,
Umuahia South,Umuahia South,
Umunneochi,Umunneochi,
Demsa,Demsa,
Fufore,Fufore,
Ganye,Ganye,
Girei,Girei,
Gombi,Gombi,
Guyuk,Guyuk,
Hong,Hong,
Jada,Jada,
Lamurde,Lamurde,
Madagali,Madagali,
Maiha,Maiha,
Mayo-Belwa,Mayo-Belwa,
Michika,Michika,
Mubi-North,Mubi-North,
Mubi-South,Mubi-South,
Numan,Numan,
Shelleng,Shelleng,
Song,Song,
Toungo,Toungo,
Yola-North,Yola-North,
Yola-South,Yola-South,
Abak,Abak,
Eastern Obolo,Eastern Obolo,
Eket,Eket,
Esit Eket,Esit Eket,
Essien Udim,Essien Udim,
Etim Ekpo,Etim Ekpo,
Etinan,Etinan,
Ibeno,Ibeno,
Ibesikpo Asutan,Ibesikpo Asutan,
Ibiono Ibom,Ibiono Ibom,
Ika,Ika,
Ikono,Ikono,
Ikot Abasi,Ikot Abasi,
Ikot Ekpene,Ikot Ekpene,
Ini,Ini,
Itu,Itu,
Mbo,Mbo,
Mkpat Enin,Mkpat Enin,
Nsit Atai,Nsit Atai,
Nsit Ibom,Nsit Ibom,
Nsit Ubium,Nsit Ubium,
Obot Akara,Obot Akara,
Okobo,Okobo,
Onna,Onna,
Oron,Oron,
Oruk Anam,Oruk Anam,
Udung Uko,Udung Uko,
Ukanafun,Ukanafun,
Uruan,Uruan,
Urue Offong/Oruko,Urue Offong/Oruko,
Uyo,Uyo,
Aguata,Aguata,
Anambra East,Anambra East,
Anambra West,Anambra West,
Anaocha,Anaocha,
Awka North,Awka North,
Awka South,Awka South,
Ayamelum,Ayamelum,
Dunukofia,Dunukofia,
Ekwusigo,Ekwusigo,
Idemili North,Idemili North,
Idemili South,Idemili South,
Ihiala,Ihiala,
Njikoka,Njikoka,
Nnewi North,Nnewi North,
Nnewi South,Nnewi South,
Ogbaru,Ogbaru,
Onitsha North,Onitsha North,
Onitsha South,Onitsha South,
Orumba North,Orumba North,
Orunma South,Orunma South,
Oyi,Oyi,
Alkaleri,Alkaleri,
Bauchi LG,Bauchi,
Bogoro,Bogoro,
Dambam,Dambam,
Darazo,Darazo,
Dass,Dass,
Gamawa,Gamawa,
Ganjuwa,Ganjuwa,
Giade,Giade,
Itas Gadau,Itas Gadau,
Jama'are,Jama'are,
Katagum,Katagum,
Kirfi,Kirfi,
Misau,Misau,
Ningi,Ningi,
Shira,Shira,
T/Balewa,T/Balewa,
Toro,Toro,
Warji,Warji,
Zaki,Zaki,
Brass,Brass,
Ekeremor,Ekeremor,
Kolokuma/Oporuma,Kolokuma/Oporuma,
Nembe,Nembe,
Ogbia,Ogbia,
Sagbama,Sagbama,
Southern Ijaw,Southern Ijaw,
Yenagoa,Yenagoa,
Ado,Ado,
Agatu,Agatu,
Apa,Apa,
Buruku,Buruku,
Gboko,Gboko,
Guma,Guma,
Gwer East,Gwer East,
Gwer West,Gwer West,
Katshina Ala,Katshina Ala,
Konshisha,Konshisha,
Kwande,Kwande,
Logo,Logo,
Makurdi,Makurdi,
Obi B,Obi B,
Ogbadigbo,Ogbadigbo,
Ohimini,Ohimini,
Oju,Oju,
Okpokwu,Okpokwu,
Otukpo,Otukpo,
Tarka,Tarka,
Ukum,Ukum,
Ushango,Ushango,
Vandeikaya,Vandeikaya,
Abadam,Abadam,
Askira/Uba,Askira/Uba,
Bama,Bama,
Bayo,Bayo,
Biu,Biu,
Chibok,Chibok,
Damboa,Damboa,
Dikwa,Dikwa,
Gubio,Gubio,
Guzamala,Guzamala,
Gwoza,Gwoza,
Hawul,Hawul,
Jere,Jere,
Kaga,Kaga,
KalaBalge,KalaBalge,
Konduga,Konduga,
Kukawa,Kukawa,
Kwaya Kussar,Kwaya Kussar,
Mafa,Mafa,
Magumeri,Magumeri,
Maiduguri M.C.,Maiduguri M.C.,
Marte,Marte,
Mobbar,Mobbar,
Monguno,Monguno,
Ngala,Ngala,
Nganzai,Nganzai,
Shani,Shani,
Abi,Abi,
Akamkpa,Akamkpa,
Akpabuyo,Akpabuyo,
Bakasi,Bakasi,
Bekwara,Bekwara,
Biase,Biase,
Boki,Boki,
Calabar MC,Calabar MC,
Calabar South,Calabar South,
Etung,Etung,
Ikom,Ikom,
Obalinku,Obalinku,
Obubra,Obubra,
Obudu,Obudu,
Odukpani,Odukpani,
Ogoja,Ogoja,
Yakurr,Yakurr,
Yala,Yala,
Aniocha North,Aniocha North,
Aniocha South,Aniocha South,
Bomadi,Bomadi,
Burutu,Burutu,
Ethiope East,Ethiope East,
Ethiope West,Ethiope West,
Ika North East,Ika North East,
Ika South,Ika South,
Isoko North,Isoko North,
Isoko South,Isoko South,
Ndokwa East,Ndokwa East,
Ndokwa West,Ndokwa West,
Okpe,Okpe,
Oshimili North,Oshimili North,
Oshimili South,Oshimili South,
Patani,Patani,
Sapele,Sapele,
Udu,Udu,
Ugheli North,Ugheli North,
Ugheli South,Ugheli South,
Ukwuani,Ukwuani,
Uvwie,Uvwie,
Warri North,Warri North,
Warri South,Warri South,
Warri SouthWest,Warri SouthWest,
Abakiliki,Abakiliki,
Afikpo North,Afikpo North,
Afikpo South,Afikpo South,
Ebonyi LG,Ebonyi,
Ezza North,Ezza North,
Ezza South,Ezza South,
Ikwo,Ikwo,
Ishielu,Ishielu,
Ivo,Ivo,
Izzi,Izzi,
Ohaozara,Ohaozara,
Ohaukwu,Ohaukwu,
Onicha,Onicha,
Akoko Edo,Akoko Edo,
Egor,Egor,
Esan Central,Esan Central,
Esan North East,Esan North East,
Esan South East,Esan South East,
Esan West,Esan West,
Etsako Central,Etsako Central,
Etsako East,Etsako East,
Etsako West,Etsako West,
Igueben,Igueben,
Ikpoba Okha,Ikpoba Okha,
Oredo     ,Oredo     ,
Orhionmwon,Orhionmwon,
Ovia North East,Ovia North East,
Ovia South East,Ovia South East,
Owan East,Owan East,
Owan West,Owan West,
Uhunmwode,Uhunmwode,
Ado Ekiti,Ado Ekiti,
Efon Alaaye,Efon Alaaye,
Ekiti East,Ekiti East,
Ekiti South West,Ekiti South West,
Ekiti West,Ekiti West,
Emure,Emure,
Gbonyin ,Gbonyin ,
Ido/Osi,Ido/Osi,
Ijero,Ijero,
Ikere,Ikere,
Ikole,Ikole,
Ilejemeje,Ilejemeje,
Irepodun/ Ifelodun,Irepodun/ Ifelodun,
Ise/Orun,Ise/Orun,
Moba,Moba,
Oye,Oye,
Aninri,Aninri,
Awgu,Awgu,
Enugu East,Enugu East,
Enugu North,Enugu North,
Enugu South,Enugu South,
Ezeagu,Ezeagu,
Igbo Etiti,Igbo Etiti,
Igbo Eze North,Igbo Eze North,
Igbo Eze South,Igbo Eze South,
Isi Uzo,Isi Uzo,
Nkanu East,Nkanu East,
Nkanu West,Nkanu West,
Nsukka,Nsukka,
Oji River,Oji River,
Udenu,Udenu,
Udi,Udi,
Uzo Uwani,Uzo Uwani,
Akko,Akko,
Balanga,Balanga,
Billiri,Billiri,
Dukku,Dukku,
Funakaye,Funakaye,
GOMBE LG,GOMBE,
Kaltungo,Kaltungo,
Kwami,Kwami,
Nafada,Nafada,
Shongom,Shongom,
Y/Deba,Y/Deba,
Aboh Mbaise,Aboh Mbaise,
Ahiazu Mbaise,Ahiazu Mbaise,
Ehime Mbano,Ehime Mbano,
Ezinihitte Mbaise,Ezinihitte Mbaise,
Ideato North,Ideato North,
Ideato South,Ideato South,
Ihitte Uboma,Ihitte Uboma,
Ikeduru,Ikeduru,
Isiala Mbano,Isiala Mbano,
Isu,Isu,
Mbiatoli,Mbiatoli,
Ngor okoala,Ngor okoala,
Njaba,Njaba,
Nkwerre,Nkwerre,
Nwangele,Nwangele,
Ogbowo,Ogbowo,
Oguta,Oguta,
Ohaji Egbema,Ohaji Egbema,
Okigwe,Okigwe,
Onuimo,Onuimo,
Orlu,Orlu,
Orsu,Orsu,
Oru East,Oru East,
Oru West,Oru West,
Owerri  Municipal,Owerri  Municipal,
Owerri North,Owerri North,
Owerri West,Owerri West,
Auyo,Auyo,
Babura,Babura,
Birnin Kudu,Birnin Kudu,
Birniwa,Birniwa,
Buji,Buji,
Dutse,Dutse,
Gagarawa,Gagarawa,
Garki,Garki,
Gumel,Gumel,
Guri,Guri,
Gwaram,Gwaram,
Gwiwa,Gwiwa,
Hadeja,Hadeja,
Jahun,Jahun,
Kafin Hausa,Kafin Hausa,
Kaugama,Kaugama,
Kazaure,Kazaure,
Kirikasama,Kirikasama,
Kiyawa,Kiyawa,
Maigatari,Maigatari,
Malan Madori,Malan Madori,
Miga,Miga,
Ringim,Ringim,
Roni,Roni,
Sule Tankarkar,Sule Tankarkar,
Taura,Taura,
Yankwashi,Yankwashi,
Birnin Gwari,Birnin Gwari,
Chikun,Chikun,
Giwa,Giwa,
Igabi,Igabi,
Ikara,Ikara,
Jaba,Jaba,
Jama'a,Jama'a,
Kachia,Kachia,
Kaduna North,Kaduna North,
Kaduna South,Kaduna South,
Kagarko,Kagarko,
Kajuru,Kajuru,
Kaura,Kaura,
Kauru,Kauru,
Kubau,Kubau,
Kudan,Kudan,
Lere,Lere,
Makarfi,Makarfi,
Sabongari,Sabongari,
Sanga,Sanga,
Soba,Soba,
Zangon Kataf,Zangon Kataf,
Zaria,Zaria,
Ajingi,Ajingi,
Albasu,Albasu,
Bagwai,Bagwai,
Bebeji,Bebeji,
Bichi,Bichi,
Bunkure,Bunkure,
Dala,Dala,
Danbatta,Danbatta,
Dawakin Kudu,Dawakin Kudu,
Dawakin Tofa,Dawakin Tofa,
Doguwa,Doguwa,
Fagge,Fagge,
Gabasawa,Gabasawa,
Garko,Garko,
Garun Malam,Garun Malam,
Gaya,Gaya,
Gezawa,Gezawa,
Gwale,Gwale,
Gwarzo,Gwarzo,
Kabo,Kabo,
Kano M.C.,Kano M.C.,
Karaye,Karaye,
Kibiya,Kibiya,
Kiru,Kiru,
Kumbotso,Kumbotso,
Kunchi,Kunchi,
Kura,Kura,
Madobi,Madobi,
Makoda,Makoda,
Minjibir,Minjibir,
Nassarawa,Nassarawa,
Rano,Rano,
Rimingado,Rimingado,
Rogo,Rogo,
Shanono,Shanono,
Sumaila,Sumaila,
Takai,Takai,
Tarauni,Tarauni,
Tofa,Tofa,
Tsanyawa,Tsanyawa,
Tudunwada,Tudunwada,
Ungogo,Ungogo,
Warawa,Warawa,
Wudil,Wudil,
Bakori,Bakori,
Batagrawa,Batagrawa,
Batsari,Batsari,
Baure,Baure,
Bindawa,Bindawa,
Charanchi,Charanchi,
Dan Dume,Dan Dume,
Dan Musa,Dan Musa,
Danja,Danja,
Daura,Daura,
Dutsi,Dutsi,
Dutsinma,Dutsinma,
Faskari,Faskari,
Funtua,Funtua,
Ingawa,Ingawa,
Jibia,Jibia,
Kafur,Kafur,
Kaita,Kaita,
Kankara,Kankara,
Kankia,Kankia,
Katsina LG,Katsina,
Kurfi,Kurfi,
Kusada,Kusada,
Mai Aduwa,Mai Aduwa,
Malumfashi,Malumfashi,
Mani,Mani,
Mashi,Mashi,
Matazu,Matazu,
Musawa,Musawa,
Rimi,Rimi,
Sabuwa,Sabuwa,
Safana,Safana,
Sandamu,Sandamu,
Zango,Zango,
Aleiru,Aleiru,
Arewa,Arewa,
Argungu,Argungu,
Augie,Augie,
B/Kebbi,B/Kebbi,
Bagudo,Bagudo,
Bunza,Bunza,
D/Wasagu,D/Wasagu,
Dandi Kamba,Dandi Kamba,
Fakai,Fakai,
Gwandu,Gwandu,
Jega,Jega,
K/Besse,K/Besse,
Kalgo,Kalgo,
Maiyama,Maiyama,
Ngaski,Ngaski,
Sakaba,Sakaba,
Shanga,Shanga,
Suru,Suru,
Yauri,Yauri,
Zuru,Zuru,
Adavi,Adavi,
Ajaokuta,Ajaokuta,
Ankpa,Ankpa,
Bassa K,Bassa K,
Dekina,Dekina,
Ibaji,Ibaji,
Idah,Idah,
Igalamela-Odolu,Igalamela-Odolu,
Ijumu,Ijumu,
Kabba Bunu,Kabba Bunu,
KOGI LG,KOGI,
Lokoja,Lokoja,
Mopa Muro,Mopa Muro,
Ofu,Ofu,
Ogori Magongo,Ogori Magongo,
Okehi,Okehi,
Okene,Okene,
Olamaboro,Olamaboro,
Omala,Omala,
Yagba East,Yagba East,
Yagba West,Yagba West,
Asa,Asa,
Baruteun,Baruteun,
Edu,Edu,
Ekiti LG,Ekiti,
Ifelodun,Ifelodun,
Ilorin East,Ilorin East,
Ilorin South,Ilorin South,
Ilorin West,Ilorin West,
Irepodun KW,Irepodun KW,
Isin,Isin,
Kai ama,Kai ama,
Moro,Moro,
Offa,Offa,
Oke-ero,Oke-ero,
Oyun,Oyun,
Pategi,Pategi,
Agege,Agege,
Ajeromi/Ifelodun,Ajeromi/Ifelodun,
Alimosho,Alimosho,
Amuwo Odofin,Amuwo Odofin,
Apapa,Apapa,
Badagry,Badagry,
Epe,Epe,
Eti-osa,Eti-osa,
Ibeju-Lekki,Ibeju-Lekki,
Ifako/Ijaye,Ifako/Ijaye,
Ikeja,Ikeja,
Ikorodu,Ikorodu,
Kosofe,Kosofe,
Lagos Island,Lagos Island,
Lagos Mainland,Lagos Mainland,
Mushin,Mushin,
Ojo,Ojo,
Oshodi/Isolo,Oshodi/Isolo,
Shomolu,Shomolu,
Surulere L,Surulere L,
Akwanga,Akwanga,
Awe,Awe,
Doma,Doma,
Karu,Karu,
Keana,Keana,
Keffi,Keffi,
Kokona,Kokona,
Lafia,Lafia,
NASARAWA LG,NASARAWA,
Nasarawa Eggon,Nasarawa Eggon,
Obi N,Obi N,
Toto,Toto,
Wamba,Wamba,
Agaie,Agaie,
Agwara,Agwara,
Bida,Bida,
Borgu,Borgu,
Bosso,Bosso,
Chanchaga,Chanchaga,
Edati,Edati,
Gbako,Gbako,
Gurara,Gurara,
Katcha,Katcha,
Kontagora,Kontagora,
Lapai,Lapai,
Lavun,Lavun,
Magama,Magama,
Mariga,Mariga,
Mashegu,Mashegu,
Mokwa,Mokwa,
Muya,Muya,
Paikoro,Paikoro,
Rafi,Rafi,
Rijau,Rijau,
Shiroro,Shiroro,
Suleja,Suleja,
Tafa,Tafa,
Wushishi,Wushishi,
Abeokuta North,Abeokuta North,
Abeokuta South,Abeokuta South,
Ado-Odo/Ota,Ado-Odo/Ota,
Egbado (yewa) North,Egbado (yewa) North,
Egbado(yewa) South,Egbado(yewa) South,
Ewekoro,Ewekoro,
Ifo,Ifo,
Ijebu East,Ijebu East,
Ijebu North,Ijebu North,
Ijebu North-East,Ijebu North-East,
Ijebu Ode,Ijebu Ode,
Ikenne,Ikenne,
Imeko Afon,Imeko Afon,
Ipokia,Ipokia,
Obafemi  Owode,Obafemi  Owode,
Odedah,Odedah,
Odogbolu,Odogbolu,
Ogun Water side,Ogun Water side,
Remo North,Remo North,
Shagamu,Shagamu,
Akoko North East,Akoko North East,
Akoko North West,Akoko North West,
Akoko South West,Akoko South West,
Akoko South East,Akoko South East,
Akure North,Akure North,
Akure South,Akure South,
Ese-Edo,Ese-Edo,
Idanre,Idanre,
Ifedore,Ifedore,
Ilaje,Ilaje,
Ile-Oluji Okeigbo ,Ile-Oluji Okeigbo ,
Irele,Irele,
Odigbo,Odigbo,
Okitipupa,Okitipupa,
Ondo East,Ondo East,
Ondo West,Ondo West,
Ose,Ose,
Owo,Owo,
Aiye daade,Aiye daade,
Aiye dire,Aiye dire,
Atakumosa East,Atakumosa East,
Atakumosa West,Atakumosa West,
Boluwa Duro,Boluwa Duro,
Boripe,Boripe,
Ede North,Ede North,
Ede South,Ede South,
Egbe Dore,Egbe Dore,
Ejigbo,Ejigbo,
Ife Central,Ife Central,
Ife Dayo,Ife Dayo,
Ife East,Ife East,
Ife Lodun,Ife Lodun,
Ife North,Ife North,
Ife South,Ife South,
Ila,Ila,
Ilesha East,Ilesha East,
Ilesha West,Ilesha West,
Irepodun OS,Irepodun OS,
Irewole,Irewole,
Isokan,Isokan,
Iwo,Iwo,
Obokun,Obokun,
Odo Otin,Odo Otin,
Olaoluwa,Olaoluwa,
Olorunda,Olorunda,
Oriade,Oriade,
Orolu,Orolu,
Osogbo,Osogbo,
Afijio,Afijio,
Akinyele,Akinyele,
Atiba,Atiba,
Atisbo,Atisbo,
Egbeda,Egbeda,
Ibadan N.E,Ibadan N.E,
Ibadan N.W,Ibadan N.W,
Ibadan North,Ibadan North,
Ibadan S. E.,Ibadan S. E.,
Ibadan S.W,Ibadan S.W,
Ibarapa Central,Ibarapa Central,
Ibarapa East,Ibarapa East,
Ibarapa North,Ibarapa North,
Ido,Ido,
Irepo,Irepo,
Iseyin,Iseyin,
Itesiwaju,Itesiwaju,
Iwajowa,Iwajowa,
Kajola,Kajola,
Lagelu,Lagelu,
Ogbomoso North,Ogbomoso North,
Ogbomoso South,Ogbomoso South,
Ogo-Oluwa,Ogo-Oluwa,
Olorunsogo,Olorunsogo,
Oluyole,Oluyole,
Ona-Ara,Ona-Ara,
Orelope,Orelope,
Ori ire,Ori ire,
Oyo East,Oyo East,
Oyo West,Oyo West,
Saki East,Saki East,
Saki West,Saki West,
Surulere O,Surulere O,
Barkin Ladi,Barkin Ladi,
Bassa P,Bassa P,
Bokkos,Bokkos,
Jos East,Jos East,
Jos North,Jos North,
Jos South,Jos South,
Kanam,Kanam,
Kanke,Kanke,
Langtang North,Langtang North,
Langtang South,Langtang South,
Mangu,Mangu,
Mikang,Mikang,
Pankshin,Pankshin,
Quan-pan,Quan-pan,
Riyom,Riyom,
Shendam,Shendam,
Wase,Wase,
Abua/Odual,Abua/Odual,
Ahoada East,Ahoada East,
Ahoada West,Ahoada West,
Akukutoru,Akukutoru,
Andoni,Andoni,
Asari-Toru,Asari-Toru,
Bonny,Bonny,
Degema,Degema,
Eleme,Eleme,
Emuoha,Emuoha,
Etche,Etche,
Gonaka,Gonaka,
Ikwerre,Ikwerre,
Khana,Khana,
Obia/Akpor,Obia/Akpor,
Ogba/Egbema/Ndoni,Ogba/Egbema/Ndoni,
Ogu/Bolo,Ogu/Bolo,
Okrika,Okrika,
Omumma,Omumma,
Opobo/Nkoro,Opobo/Nkoro,
Oyigbo,Oyigbo,
Port Harcourt,Port Harcourt,
Tai,Tai,
Binji,Binji,
Bodinga,Bodinga,
Dange Shuni,Dange Shuni,
Gada,Gada,
Goronyo,Goronyo,
Gudu,Gudu,
Gwadabawa,Gwadabawa,
Illela,Illela,
Isa,Isa,
Kebbe,Kebbe,
Kware,Kware,
Rabah,Rabah,
Sabon Birni,Sabon Birni,
Shagari,Shagari,
Silame,Silame,
Sokoto North,Sokoto North,
Sokoto South,Sokoto South,
Tambuwal,Tambuwal,
Tangaza,Tangaza,
Tureta,Tureta,
Wammako,Wammako,
Wurno,Wurno,
yabo,yabo,
Ardo-Kola,Ardo-Kola,
Bali,Bali,
Donga,Donga,
Gashaka,Gashaka,
Gassol,Gassol,
Ibbi,Ibbi,
jalingo,jalingo,
Karim-Lamido,Karim-Lamido,
Kurmi,Kurmi,
Lau,Lau,
Sardauna,Sardauna,
Takum,Takum,
Ussa,Ussa,
Wukari,Wukari,
Yorro,Yorro,
Zing,Zing,
Bade,Bade,
Bursari,Bursari,
Damaturu,Damaturu,
Fika,Fika,
Fune,Fune,
Geidam,Geidam,
Gujba,Gujba,
Gulani,Gulani,
Jakusko,Jakusko,
Karasuwa,Karasuwa,
Machina,Machina,
Nangere,Nangere,
Nguru,Nguru,
Potiskum,Potiskum,
Tarmuwa,Tarmuwa,
Yunusari,Yunusari,
Yusufari,Yusufari,
Anka,Anka,
B/Magaji,B/Magaji,
Bakura,Bakura,
Bukkuyum,Bukkuyum,
Bungudu,Bungudu,
Gummi,Gummi,
Gusau,Gusau,
Kaura Namoda,Kaura Namoda,
Maradun,Maradun,
Maru,Maru,
Shinkafi,Shinkafi,
Talata Mafara,Talata Mafara,
Tsafe,Tsafe,
Zurmi,Zurmi,
Abaji,Abaji,
Abuja Municipal,Abuja Municipal,
Bwari,Bwari,
Gwagwalada,Gwagwalada,
Kuje,Kuje,
Kwali,Kwali,
