<?xml version="1.0" encoding="ISO-8859-1" standalone="no"?>
<config>
    <propel>
        <database>
            <connections>
                <connection id="rafmis">
                    <adapter>mysql</adapter>
                    <classname>Propel\Runtime\Connection\DebugPDO</classname>
                    <dsn>mysql:host=localhost;dbname=rafmisdb</dsn>
                    <user>root</user>
                    <password>password</password>
                </connection>
            </connections>
        </database>
        <runtime>
            <defaultConnection>rafmis</defaultConnection>
            <connection>rafmis</connection>
        </runtime>
        <generator>
            <defaultConnection>rafmis</defaultConnection>
            <connection>rafmis</connection>
        </generator>
    </propel>
</config>
