<?xml version="1.0" encoding="utf-8"?>
<database name="rafmisdb" defaultIdMethod="native" defaultPhpNamingMethod="underscore">
  <table name="activity_log" idMethod="native" phpName="ActivityLog">
    <column name="activity_id" phpName="ActivityId" type="INTEGER" primaryKey="true" autoIncrement="true" required="true"/>
    <column name="activity_type" phpName="ActivityType" type="VARCHAR" size="128"/>
    <column name="details" phpName="Details" type="LONGVARCHAR"/>
    <column name="username" phpName="Username" type="VARCHAR" size="64"/>
    <column name="date_of_activity" phpName="DateOfActivity" type="TIMESTAMP"/>
    <column name="date_created" phpName="DateCreated" type="TIMESTAMP" required="true"/>
    <column name="created_by" phpName="CreatedBy" type="VARCHAR" size="64" required="true"/>
    <column name="date_modified" phpName="DateModified" type="TIMESTAMP"/>
    <column name="modified_by" phpName="ModifiedBy" type="VARCHAR" size="64"/>
    <vendor type="mysql">
      <parameter name="Engine" value="InnoDB"/>
    </vendor>
  </table>
  <table name="app_user" idMethod="native" phpName="AppUser">
    <column name="username" phpName="Username" type="VARCHAR" size="64" primaryKey="true" required="true"/>
    <column name="email" phpName="Email" type="VARCHAR" size="128" required="true"/>
    <column name="role_id" phpName="RoleId" type="VARCHAR" size="64" required="true"/>
    <column name="password" phpName="Password" type="VARCHAR" size="64"/>
    <column name="first_name" phpName="FirstName" type="VARCHAR" size="64"/>
    <column name="last_name" phpName="LastName" type="VARCHAR" size="64"/>
    <column name="active" phpName="Active" type="INTEGER" size="1"/>
    <column name="last_login_date" phpName="LastLoginDate" type="TIMESTAMP"/>
    <column name="login_attempt" phpName="LoginAttempt" type="INTEGER" size="1"/>
    <column name="date_created" phpName="DateCreated" type="TIMESTAMP" required="true"/>
    <column name="created_by" phpName="CreatedBy" type="VARCHAR" size="64" required="true"/>
    <column name="date_modified" phpName="DateModified" type="TIMESTAMP"/>
    <column name="modified_by" phpName="ModifiedBy" type="VARCHAR" size="64"/>
    <foreign-key foreignTable="role" name="app_user_ibfk_1" onUpdate="CASCADE">
      <reference local="role_id" foreign="role_id"/>
    </foreign-key>
    <index name="role_id">
      <index-column name="role_id"/>
    </index>
    <unique name="email">
      <unique-column name="email"/>
    </unique>
    <vendor type="mysql">
      <parameter name="Engine" value="InnoDB"/>
    </vendor>
  </table>
  <table name="beneficiary" idMethod="native" phpName="Beneficiary">
    <column name="beneficiary_id" phpName="BeneficiaryId" type="VARCHAR" size="64" primaryKey="true" required="true"/>
    <column name="beneficiary_category_id" phpName="BeneficiaryCategoryId" type="VARCHAR" size="64" required="true"/>
    <column name="beneficiary_name" phpName="BeneficiaryName" type="VARCHAR" size="256" required="true"/>
    <column name="parent_id" phpName="ParentId" type="VARCHAR" size="64"/>
    <column name="date_created" phpName="DateCreated" type="TIMESTAMP" required="true"/>
    <column name="created_by" phpName="CreatedBy" type="VARCHAR" size="64" required="true"/>
    <column name="date_modified" phpName="DateModified" type="TIMESTAMP"/>
    <column name="modified_by" phpName="ModifiedBy" type="VARCHAR" size="64"/>
    <foreign-key foreignTable="beneficiary_category" name="beneficiary_ibfk_1" onUpdate="CASCADE">
      <reference local="beneficiary_category_id" foreign="beneficiary_category_id"/>
    </foreign-key>
    <index name="beneficiary_category_id">
      <index-column name="beneficiary_category_id"/>
    </index>
    <vendor type="mysql">
      <parameter name="Engine" value="InnoDB"/>
    </vendor>
  </table>
  <table name="beneficiary_category" idMethod="native" phpName="BeneficiaryCategory">
    <column name="beneficiary_category_id" phpName="BeneficiaryCategoryId" type="VARCHAR" size="64" primaryKey="true" required="true"/>
    <column name="description" phpName="Description" type="VARCHAR" size="256" required="true"/>
    <column name="parent_category_id" phpName="ParentCategoryId" type="VARCHAR" size="64"/>
    <column name="date_created" phpName="DateCreated" type="TIMESTAMP" required="true"/>
    <column name="created_by" phpName="CreatedBy" type="VARCHAR" size="64" required="true"/>
    <column name="date_modified" phpName="DateModified" type="TIMESTAMP"/>
    <column name="modified_by" phpName="ModifiedBy" type="VARCHAR" size="64"/>
    <vendor type="mysql">
      <parameter name="Engine" value="InnoDB"/>
    </vendor>
  </table>
  <table name="beneficiary_category_allocation" idMethod="native" phpName="BeneficiaryCategoryAllocation">
    <column name="beneficiary_cat_allocation_group_id" phpName="BeneficiaryCatAllocationGroupId" type="VARCHAR" size="64" primaryKey="true" required="true"/>
    <column name="beneficiary_category_id" phpName="BeneficiaryCategoryId" type="VARCHAR" size="64" primaryKey="true" required="true"/>
    <column name="percentage_allocation" phpName="PercentageAllocation" type="DECIMAL" size="5" scale="2" required="true"/>
    <column name="principle_id" phpName="PrincipleId" type="VARCHAR" size="64" required="true"/>
    <column name="date_created" phpName="DateCreated" type="TIMESTAMP" required="true"/>
    <column name="created_by" phpName="CreatedBy" type="VARCHAR" size="64" required="true"/>
    <column name="date_modified" phpName="DateModified" type="TIMESTAMP"/>
    <column name="modified_by" phpName="ModifiedBy" type="VARCHAR" size="64"/>
    <foreign-key foreignTable="beneficiary_category_allocation_group" name="beneficiary_category_allocation_ibfk_1" onUpdate="CASCADE">
      <reference local="beneficiary_cat_allocation_group_id" foreign="beneficiary_cat_allocation_group_id"/>
    </foreign-key>
    <foreign-key foreignTable="beneficiary_category" name="beneficiary_category_allocation_ibfk_2" onUpdate="CASCADE">
      <reference local="beneficiary_category_id" foreign="beneficiary_category_id"/>
    </foreign-key>
    <foreign-key foreignTable="principle" name="beneficiary_category_allocation_ibfk_3" onUpdate="CASCADE">
      <reference local="principle_id" foreign="principle_id"/>
    </foreign-key>
    <index name="beneficiary_category_id">
      <index-column name="beneficiary_category_id"/>
    </index>
    <index name="principle_id">
      <index-column name="principle_id"/>
    </index>
    <vendor type="mysql">
      <parameter name="Engine" value="InnoDB"/>
    </vendor>
  </table>
  <table name="beneficiary_category_allocation_group" idMethod="native" phpName="BeneficiaryCategoryAllocationGroup">
    <column name="beneficiary_cat_allocation_group_id" phpName="BeneficiaryCatAllocationGroupId" type="VARCHAR" size="64" primaryKey="true" required="true"/>
    <column name="description" phpName="Description" type="VARCHAR" size="256" required="true"/>
    <column name="date_created" phpName="DateCreated" type="TIMESTAMP" required="true"/>
    <column name="created_by" phpName="CreatedBy" type="VARCHAR" size="64" required="true"/>
    <column name="date_modified" phpName="DateModified" type="TIMESTAMP"/>
    <column name="modified_by" phpName="ModifiedBy" type="VARCHAR" size="64"/>
    <vendor type="mysql">
      <parameter name="Engine" value="InnoDB"/>
    </vendor>
  </table>
  <table name="beneficiary_index" idMethod="native" phpName="BeneficiaryIndex">
    <column name="beneficiary_id" phpName="BeneficiaryId" type="VARCHAR" size="64" primaryKey="true" required="true"/>
    <column name="principle_item_id" phpName="PrincipleItemId" type="VARCHAR" size="64" primaryKey="true" required="true"/>
    <column name="beneficiary_cat_allocation_group_id" phpName="BeneficiaryCatAllocationGroupId" type="VARCHAR" size="64" primaryKey="true" required="true"/>
    <column name="Index" phpName="Index" type="FLOAT"/>
    <column name="date_created" phpName="DateCreated" type="TIMESTAMP" required="true"/>
    <column name="created_by" phpName="CreatedBy" type="VARCHAR" size="64" required="true"/>
    <column name="date_modified" phpName="DateModified" type="TIMESTAMP"/>
    <column name="modified_by" phpName="ModifiedBy" type="VARCHAR" size="64"/>
    <foreign-key foreignTable="principle_item" name="beneficiary_index_ibfk_1" onUpdate="CASCADE">
      <reference local="principle_item_id" foreign="principle_item_id"/>
    </foreign-key>
    <foreign-key foreignTable="beneficiary" name="beneficiary_index_ibfk_2" onUpdate="CASCADE">
      <reference local="beneficiary_id" foreign="beneficiary_id"/>
    </foreign-key>
    <foreign-key foreignTable="beneficiary_category_allocation_group" name="beneficiary_index_ibfk_3" onUpdate="CASCADE">
      <reference local="beneficiary_cat_allocation_group_id" foreign="beneficiary_cat_allocation_group_id"/>
    </foreign-key>
    <index name="beneficiary_id">
      <index-column name="beneficiary_id"/>
    </index>
    <index name="beneficiary_cat_allocation_group_id">
      <index-column name="beneficiary_cat_allocation_group_id"/>
    </index>
    <vendor type="mysql">
      <parameter name="Engine" value="InnoDB"/>
    </vendor>
  </table>
  <table name="categories" idMethod="native" phpName="Categories">
    <column name="id" phpName="Id" type="INTEGER" primaryKey="true" autoIncrement="true" required="true"/>
    <column name="categoryName" phpName="Categoryname" type="VARCHAR" size="45" required="true"/>
    <column name="description" phpName="Description" type="VARCHAR" size="45"/>
    <column name="createdAt" phpName="Createdat" type="TIMESTAMP" defaultExpr="CURRENT_TIMESTAMP"/>
    <column name="updatedAt" phpName="Updatedat" type="TIMESTAMP" defaultExpr="CURRENT_TIMESTAMP"/>
    <unique name="categoryName_UNIQUE">
      <unique-column name="categoryName"/>
    </unique>
    <vendor type="mysql">
      <parameter name="Engine" value="InnoDB"/>
    </vendor>
  </table>
  <table name="inhouse_revenue_collection" idMethod="native" phpName="InhouseRevenueCollection">
    <column name="inhouse_revenue_collection_id" phpName="InhouseRevenueCollectionId" type="INTEGER" primaryKey="true" autoIncrement="true" required="true"/>
    <column name="revenue_head_id" phpName="RevenueHeadId" type="VARCHAR" size="64" required="true"/>
    <column name="mda_code" phpName="MdaCode" type="VARCHAR" size="64" required="true"/>
    <column name="expected_payment_month" phpName="ExpectedPaymentMonth" type="INTEGER" size="2" required="true"/>
    <column name="expected_payment_year" phpName="ExpectedPaymentYear" type="INTEGER" size="4" required="true"/>
    <column name="amount" phpName="Amount" type="FLOAT"/>
    <column name="state" phpName="State" type="VARCHAR" size="45"/>
    <column name="payer_name" phpName="PayerName" type="VARCHAR" size="64"/>
    <column name="rc_number" phpName="RcNumber" type="VARCHAR" size="32"/>
    <column name="source_id" phpName="SourceId" type="VARCHAR" size="128"/>
    <column name="tin_number" phpName="TinNumber" type="VARCHAR" size="32"/>
    <column name="payment_date" phpName="PaymentDate" type="DATE"/>
    <column name="date_created" phpName="DateCreated" type="TIMESTAMP" required="true"/>
    <column name="created_by" phpName="CreatedBy" type="VARCHAR" size="64" required="true"/>
    <column name="date_modified" phpName="DateModified" type="TIMESTAMP"/>
    <column name="modified_by" phpName="ModifiedBy" type="VARCHAR" size="64"/>
    <foreign-key foreignTable="revenue_head" name="inhouse_revenue_collection_ibfk_1" onUpdate="CASCADE">
      <reference local="revenue_head_id" foreign="revenue_head_id"/>
    </foreign-key>
    <foreign-key foreignTable="revenue_collection_entity" name="inhouse_revenue_collection_ibfk_2" onUpdate="CASCADE">
      <reference local="mda_code" foreign="mda_code"/>
    </foreign-key>
    <index name="revenue_head_id">
      <index-column name="revenue_head_id"/>
    </index>
    <index name="mda_code">
      <index-column name="mda_code"/>
    </index>
    <vendor type="mysql">
      <parameter name="Engine" value="InnoDB"/>
    </vendor>
  </table>
  <table name="locations" idMethod="native" phpName="Locations">
    <column name="id" phpName="Id" type="INTEGER" primaryKey="true" autoIncrement="true" required="true"/>
    <column name="name" phpName="Name" type="VARCHAR" size="45" required="true"/>
    <column name="loactionCode" phpName="Loactioncode" type="VARCHAR" size="5" required="true"/>
    <column name="createdAt" phpName="Createdat" type="TIMESTAMP" defaultExpr="CURRENT_TIMESTAMP"/>
    <column name="updatedAt" phpName="Updatedat" type="TIMESTAMP" defaultExpr="CURRENT_TIMESTAMP"/>
    <unique name="location_UNIQUE">
      <unique-column name="name"/>
    </unique>
    <unique name="loactionCode_UNIQUE">
      <unique-column name="loactionCode"/>
    </unique>
    <vendor type="mysql">
      <parameter name="Engine" value="InnoDB"/>
    </vendor>
  </table>
  <table name="principle" idMethod="native" phpName="Principle">
    <column name="principle_id" phpName="PrincipleId" type="VARCHAR" size="64" primaryKey="true" required="true"/>
    <column name="description" phpName="Description" type="VARCHAR" size="256" required="true"/>
    <column name="is_active" phpName="IsActive" type="INTEGER" size="1" required="true"/>
    <column name="is_default" phpName="IsDefault" type="INTEGER" size="1" required="true"/>
    <column name="date_created" phpName="DateCreated" type="TIMESTAMP" required="true"/>
    <column name="created_by" phpName="CreatedBy" type="VARCHAR" size="64" required="true"/>
    <column name="date_modified" phpName="DateModified" type="TIMESTAMP"/>
    <column name="modified_by" phpName="ModifiedBy" type="VARCHAR" size="64"/>
    <vendor type="mysql">
      <parameter name="Engine" value="InnoDB"/>
    </vendor>
  </table>
  <table name="principle_item" idMethod="native" phpName="PrincipleItem">
    <column name="principle_item_id" phpName="PrincipleItemId" type="VARCHAR" size="64" primaryKey="true" required="true"/>
    <column name="principle_item_name" phpName="PrincipleItemName" type="VARCHAR" size="256" required="true"/>
    <column name="principle_id" phpName="PrincipleId" type="VARCHAR" size="64" required="true"/>
    <column name="beneficiary_category_id" phpName="BeneficiaryCategoryId" type="VARCHAR" size="64" required="true"/>
    <column name="is_equal" phpName="IsEqual" type="INTEGER" size="1" required="true" defaultValue="0"/>
    <column name="percentage_allocation" phpName="PercentageAllocation" type="DECIMAL" size="5" scale="2" required="true"/>
    <column name="parent_id" phpName="ParentId" type="VARCHAR" size="64"/>
    <column name="date_created" phpName="DateCreated" type="TIMESTAMP" required="true"/>
    <column name="created_by" phpName="CreatedBy" type="VARCHAR" size="64" required="true"/>
    <column name="date_modified" phpName="DateModified" type="TIMESTAMP"/>
    <column name="modified_by" phpName="ModifiedBy" type="VARCHAR" size="64"/>
    <foreign-key foreignTable="beneficiary_category" name="principle_item_ibfk_1" onUpdate="CASCADE">
      <reference local="beneficiary_category_id" foreign="beneficiary_category_id"/>
    </foreign-key>
    <foreign-key foreignTable="principle" name="principle_item_ibfk_2" onUpdate="CASCADE">
      <reference local="principle_id" foreign="principle_id"/>
    </foreign-key>
    <index name="beneficiary_category_id">
      <index-column name="beneficiary_category_id"/>
    </index>
    <index name="principle_id">
      <index-column name="principle_id"/>
    </index>
    <vendor type="mysql">
      <parameter name="Engine" value="InnoDB"/>
    </vendor>
  </table>
  <table name="priviledge" idMethod="native" phpName="Priviledge">
    <column name="privilege_id" phpName="PrivilegeId" type="VARCHAR" size="64" primaryKey="true" required="true"/>
    <column name="privilege_name" phpName="PrivilegeName" type="VARCHAR" size="256"/>
    <vendor type="mysql">
      <parameter name="Engine" value="InnoDB"/>
    </vendor>
  </table>
  <table name="raw_data" idMethod="native" phpName="RawData">
    <column name="principle_item_id" phpName="PrincipleItemId" type="VARCHAR" size="64" required="true"/>
    <column name="beneficiary_id" phpName="BeneficiaryId" type="VARCHAR" size="64" required="true"/>
    <column name="value" phpName="Value" type="FLOAT" required="true"/>
    <column name="date_created" phpName="DateCreated" type="TIMESTAMP" required="true"/>
    <column name="created_by" phpName="CreatedBy" type="VARCHAR" size="64" required="true"/>
    <column name="date_modified" phpName="DateModified" type="TIMESTAMP"/>
    <column name="modified_by" phpName="ModifiedBy" type="VARCHAR" size="64"/>
    <foreign-key foreignTable="beneficiary" name="raw_data_ibfk_1" onUpdate="CASCADE">
      <reference local="beneficiary_id" foreign="beneficiary_id"/>
    </foreign-key>
    <foreign-key foreignTable="principle_item" name="raw_data_ibfk_2" onUpdate="CASCADE">
      <reference local="principle_item_id" foreign="principle_item_id"/>
    </foreign-key>
    <index name="beneficiary_id">
      <index-column name="beneficiary_id"/>
    </index>
    <index name="principle_item_id">
      <index-column name="principle_item_id"/>
    </index>
    <vendor type="mysql">
      <parameter name="Engine" value="InnoDB"/>
    </vendor>
  </table>
  <table name="revenue" idMethod="native" phpName="Revenue">
    <column name="revenue_type_id" phpName="RevenueTypeId" type="VARCHAR" size="64" primaryKey="true" required="true"/>
    <column name="month" phpName="Month" type="INTEGER" size="2" primaryKey="true" required="true"/>
    <column name="year" phpName="Year" type="INTEGER" size="4" primaryKey="true" required="true"/>
    <column name="amount" phpName="Amount" type="FLOAT" required="true"/>
    <column name="date_created" phpName="DateCreated" type="TIMESTAMP" required="true"/>
    <column name="created_by" phpName="CreatedBy" type="VARCHAR" size="64" required="true"/>
    <column name="date_modified" phpName="DateModified" type="TIMESTAMP"/>
    <column name="modified_by" phpName="ModifiedBy" type="VARCHAR" size="64"/>
    <foreign-key foreignTable="revenue_type" name="revenue_ibfk_1" onUpdate="CASCADE">
      <reference local="revenue_type_id" foreign="revenue_type_id"/>
    </foreign-key>
    <vendor type="mysql">
      <parameter name="Engine" value="InnoDB"/>
    </vendor>
  </table>
  <table name="revenue_collection" idMethod="native" phpName="RevenueCollection">
    <column name="revenue_collection_id" phpName="RevenueCollectionId" type="INTEGER" primaryKey="true" autoIncrement="true" required="true"/>
    <column name="revenue_head_id" phpName="RevenueHeadId" type="VARCHAR" size="64" required="true"/>
    <column name="mda_code" phpName="MdaCode" type="VARCHAR" size="64" required="true"/>
    <column name="expected_payment_month" phpName="ExpectedPaymentMonth" type="INTEGER" size="2" required="true"/>
    <column name="expected_payment_year" phpName="ExpectedPaymentYear" type="INTEGER" size="4" required="true"/>
    <column name="amount" phpName="Amount" type="FLOAT"/>
    <column name="state" phpName="State" type="VARCHAR" size="45"/>
    <column name="payer_name" phpName="PayerName" type="VARCHAR" size="64"/>
    <column name="rc_number" phpName="RcNumber" type="VARCHAR" size="32"/>
    <column name="source_id" phpName="SourceId" type="VARCHAR" size="128"/>
    <column name="tin_number" phpName="TinNumber" type="VARCHAR" size="32"/>
    <column name="payment_date" phpName="PaymentDate" type="DATE"/>
    <column name="date_created" phpName="DateCreated" type="TIMESTAMP" required="true"/>
    <column name="created_by" phpName="CreatedBy" type="VARCHAR" size="64" required="true"/>
    <column name="date_modified" phpName="DateModified" type="TIMESTAMP"/>
    <column name="modified_by" phpName="ModifiedBy" type="VARCHAR" size="64"/>
    <foreign-key foreignTable="revenue_head" name="revenue_collection_ibfk_1" onUpdate="CASCADE">
      <reference local="revenue_head_id" foreign="revenue_head_id"/>
    </foreign-key>
    <foreign-key foreignTable="revenue_collection_entity" name="revenue_collection_ibfk_2" onUpdate="CASCADE">
      <reference local="mda_code" foreign="mda_code"/>
    </foreign-key>
    <index name="revenue_head_id">
      <index-column name="revenue_head_id"/>
    </index>
    <index name="mda_code">
      <index-column name="mda_code"/>
    </index>
    <vendor type="mysql">
      <parameter name="Engine" value="InnoDB"/>
    </vendor>
  </table>
  <table name="revenue_collection_entity" idMethod="native" phpName="RevenueCollectionEntity">
    <column name="mda_code" phpName="MdaCode" type="VARCHAR" size="64" primaryKey="true" required="true"/>
    <column name="description" phpName="Description" type="VARCHAR" size="256"/>
    <column name="date_created" phpName="DateCreated" type="TIMESTAMP" required="true"/>
    <column name="created_by" phpName="CreatedBy" type="VARCHAR" size="64" required="true"/>
    <column name="date_modified" phpName="DateModified" type="TIMESTAMP"/>
    <column name="modified_by" phpName="ModifiedBy" type="VARCHAR" size="64"/>
    <vendor type="mysql">
      <parameter name="Engine" value="InnoDB"/>
    </vendor>
  </table>
  <table name="revenue_head" idMethod="native" phpName="RevenueHead">
    <column name="revenue_head_id" phpName="RevenueHeadId" type="VARCHAR" size="64" primaryKey="true" required="true"/>
    <column name="description" phpName="Description" type="VARCHAR" size="256" required="true"/>
    <column name="mda_code" phpName="MdaCode" type="VARCHAR" size="64" required="true"/>
    <column name="date_created" phpName="DateCreated" type="TIMESTAMP" required="true"/>
    <column name="created_by" phpName="CreatedBy" type="VARCHAR" size="64" required="true"/>
    <column name="date_modified" phpName="DateModified" type="TIMESTAMP"/>
    <column name="modified_by" phpName="ModifiedBy" type="VARCHAR" size="64"/>
    <foreign-key foreignTable="revenue_collection_entity" name="revenue_head_ibfk_1" onUpdate="CASCADE">
      <reference local="mda_code" foreign="mda_code"/>
    </foreign-key>
    <index name="mda_code">
      <index-column name="mda_code"/>
    </index>
    <vendor type="mysql">
      <parameter name="Engine" value="InnoDB"/>
    </vendor>
  </table>
  <table name="revenue_head_collection" idMethod="native" phpName="RevenueHeadCollection">
    <column name="revenue_head_id" phpName="RevenueHeadId" type="VARCHAR" size="64" primaryKey="true" required="true"/>
    <column name="mda_code" phpName="MdaCode" type="VARCHAR" size="64" primaryKey="true" required="true"/>
    <column name="amount" phpName="Amount" type="FLOAT" required="true"/>
    <column name="payment_period_month" phpName="PaymentPeriodMonth" type="INTEGER" size="2" primaryKey="true" required="true"/>
    <column name="payment_period_year" phpName="PaymentPeriodYear" type="INTEGER" size="4" primaryKey="true" required="true"/>
    <column name="date_created" phpName="DateCreated" type="TIMESTAMP" required="true"/>
    <column name="created_by" phpName="CreatedBy" type="VARCHAR" size="64" required="true"/>
    <column name="date_modified" phpName="DateModified" type="TIMESTAMP"/>
    <column name="modified_by" phpName="ModifiedBy" type="VARCHAR" size="64"/>
    <foreign-key foreignTable="revenue_head" name="revenue_head_collection_ibfk_1" onUpdate="CASCADE">
      <reference local="revenue_head_id" foreign="revenue_head_id"/>
    </foreign-key>
    <foreign-key foreignTable="revenue_collection_entity" name="revenue_head_collection_ibfk_2" onUpdate="CASCADE">
      <reference local="mda_code" foreign="mda_code"/>
    </foreign-key>
    <index name="mda_code">
      <index-column name="mda_code"/>
    </index>
    <vendor type="mysql">
      <parameter name="Engine" value="InnoDB"/>
    </vendor>
  </table>
  <table name="revenue_head_remittance" idMethod="native" phpName="RevenueHeadRemittance">
    <column name="mda_code" phpName="MdaCode" type="VARCHAR" size="64" primaryKey="true" required="true"/>
    <column name="revenue_head_id" phpName="RevenueHeadId" type="VARCHAR" size="64" primaryKey="true" required="true"/>
    <column name="month" phpName="Month" type="INTEGER" size="2" primaryKey="true" required="true"/>
    <column name="year" phpName="Year" type="INTEGER" size="4" primaryKey="true" required="true"/>
    <column name="remittance_date" phpName="RemittanceDate" type="TIMESTAMP"/>
    <column name="amount" phpName="Amount" type="FLOAT"/>
    <column name="date_created" phpName="DateCreated" type="TIMESTAMP" required="true"/>
    <column name="created_by" phpName="CreatedBy" type="VARCHAR" size="64" required="true"/>
    <column name="date_modified" phpName="DateModified" type="TIMESTAMP"/>
    <column name="modified_by" phpName="ModifiedBy" type="VARCHAR" size="64"/>
    <foreign-key foreignTable="revenue_collection_entity" name="revenue_head_remittance_ibfk_1" onUpdate="CASCADE">
      <reference local="mda_code" foreign="mda_code"/>
    </foreign-key>
    <foreign-key foreignTable="revenue_head" name="revenue_head_remittance_ibfk_2" onUpdate="CASCADE">
      <reference local="revenue_head_id" foreign="revenue_head_id"/>
    </foreign-key>
    <index name="revenue_head_id">
      <index-column name="revenue_head_id"/>
    </index>
    <vendor type="mysql">
      <parameter name="Engine" value="InnoDB"/>
    </vendor>
  </table>
  <table name="revenue_target" idMethod="native" phpName="RevenueTarget">
    <column name="mda_code" phpName="MdaCode" type="VARCHAR" size="64" primaryKey="true" required="true"/>
    <column name="payment_period_month" phpName="PaymentPeriodMonth" type="INTEGER" size="2" primaryKey="true" required="true"/>
    <column name="payment_period_year" phpName="PaymentPeriodYear" type="INTEGER" size="4" primaryKey="true" required="true"/>
    <column name="target_amount" phpName="TargetAmount" type="FLOAT" required="true"/>
    <column name="date_created" phpName="DateCreated" type="TIMESTAMP" required="true"/>
    <column name="created_by" phpName="CreatedBy" type="VARCHAR" size="64" required="true"/>
    <column name="date_modified" phpName="DateModified" type="TIMESTAMP"/>
    <column name="modified_by" phpName="ModifiedBy" type="VARCHAR" size="64"/>
    <foreign-key foreignTable="revenue_collection_entity" name="revenue_target_ibfk_1" onUpdate="CASCADE">
      <reference local="mda_code" foreign="mda_code"/>
    </foreign-key>
    <vendor type="mysql">
      <parameter name="Engine" value="InnoDB"/>
    </vendor>
  </table>
  <table name="revenue_type" idMethod="native" phpName="RevenueType">
    <column name="revenue_type_id" phpName="RevenueTypeId" type="VARCHAR" size="64" primaryKey="true" required="true"/>
    <column name="description" phpName="Description" type="VARCHAR" size="256" required="true"/>
    <column name="date_created" phpName="DateCreated" type="TIMESTAMP" required="true"/>
    <column name="created_by" phpName="CreatedBy" type="VARCHAR" size="64" required="true"/>
    <column name="date_modified" phpName="DateModified" type="TIMESTAMP"/>
    <column name="modified_by" phpName="ModifiedBy" type="VARCHAR" size="64"/>
    <vendor type="mysql">
      <parameter name="Engine" value="InnoDB"/>
    </vendor>
  </table>
  <table name="revenue_type_category" idMethod="native" phpName="RevenueTypeCategory">
    <column name="revenue_type_category_id" phpName="RevenueTypeCategoryId" type="VARCHAR" size="64" primaryKey="true" required="true"/>
    <column name="description" phpName="Description" type="VARCHAR" size="256" required="true"/>
    <column name="date_created" phpName="DateCreated" type="TIMESTAMP" required="true"/>
    <column name="created_by" phpName="CreatedBy" type="VARCHAR" size="64" required="true"/>
    <column name="date_modified" phpName="DateModified" type="TIMESTAMP"/>
    <column name="modified_by" phpName="ModifiedBy" type="VARCHAR" size="64"/>
    <vendor type="mysql">
      <parameter name="Engine" value="InnoDB"/>
    </vendor>
  </table>
  <table name="revenue_type_category_group" idMethod="native" phpName="RevenueTypeCategoryGroup">
    <column name="revenue_type_id" phpName="RevenueTypeId" type="VARCHAR" size="64" primaryKey="true" required="true"/>
    <column name="revenue_type_category_id" phpName="RevenueTypeCategoryId" type="VARCHAR" size="64" primaryKey="true" required="true"/>
    <column name="date_created" phpName="DateCreated" type="TIMESTAMP" required="true"/>
    <column name="created_by" phpName="CreatedBy" type="VARCHAR" size="64" required="true"/>
    <column name="date_modified" phpName="DateModified" type="TIMESTAMP"/>
    <column name="modified_by" phpName="ModifiedBy" type="VARCHAR" size="64"/>
    <foreign-key foreignTable="revenue_type" name="revenue_type_category_group_ibfk_1" onDelete="CASCADE" onUpdate="CASCADE">
      <reference local="revenue_type_id" foreign="revenue_type_id"/>
    </foreign-key>
    <foreign-key foreignTable="revenue_type_category" name="revenue_type_category_group_ibfk_2" onUpdate="CASCADE">
      <reference local="revenue_type_category_id" foreign="revenue_type_category_id"/>
    </foreign-key>
    <index name="revenue_type_category_id">
      <index-column name="revenue_type_category_id"/>
    </index>
    <vendor type="mysql">
      <parameter name="Engine" value="InnoDB"/>
    </vendor>
  </table>
  <table name="role" idMethod="native" phpName="Role">
    <column name="role_id" phpName="RoleId" type="VARCHAR" size="64" primaryKey="true" required="true"/>
    <column name="role_name" phpName="RoleName" type="VARCHAR" size="256" required="true"/>
    <column name="date_created" phpName="DateCreated" type="TIMESTAMP" required="true"/>
    <column name="created_by" phpName="CreatedBy" type="VARCHAR" size="64" required="true"/>
    <column name="date_modified" phpName="DateModified" type="TIMESTAMP"/>
    <column name="modified_by" phpName="ModifiedBy" type="VARCHAR" size="64"/>
    <vendor type="mysql">
      <parameter name="Engine" value="InnoDB"/>
    </vendor>
  </table>
  <table name="role_priviledge" idMethod="native" phpName="RolePriviledge">
    <column name="role_id" phpName="RoleId" type="VARCHAR" size="64" primaryKey="true" required="true"/>
    <column name="privilege_id" phpName="PrivilegeId" type="VARCHAR" size="64" primaryKey="true" required="true"/>
    <column name="date_created" phpName="DateCreated" type="TIMESTAMP" required="true"/>
    <column name="created_by" phpName="CreatedBy" type="VARCHAR" size="64" required="true"/>
    <column name="date_modified" phpName="DateModified" type="TIMESTAMP"/>
    <column name="modified_by" phpName="ModifiedBy" type="VARCHAR" size="64"/>
    <foreign-key foreignTable="role" name="role_priviledge_ibfk_1" onDelete="CASCADE" onUpdate="CASCADE">
      <reference local="role_id" foreign="role_id"/>
    </foreign-key>
    <foreign-key foreignTable="priviledge" name="role_priviledge_ibfk_2" onDelete="CASCADE" onUpdate="CASCADE">
      <reference local="privilege_id" foreign="privilege_id"/>
    </foreign-key>
    <index name="privilege_id">
      <index-column name="privilege_id"/>
    </index>
    <vendor type="mysql">
      <parameter name="Engine" value="InnoDB"/>
    </vendor>
  </table>
  <table name="schedule" idMethod="native" phpName="Schedule">
    <column name="beneficiary_id" phpName="BeneficiaryId" type="VARCHAR" size="64" primaryKey="true" required="true"/>
    <column name="principle_item_id" phpName="PrincipleItemId" type="VARCHAR" size="64" primaryKey="true" required="true"/>
    <column name="beneficiary_cat_allocation_group_id" phpName="BeneficiaryCatAllocationGroupId" type="VARCHAR" size="64" primaryKey="true" required="true"/>
    <column name="revenue_type_category_id" phpName="RevenueTypeCategoryId" type="VARCHAR" size="64" primaryKey="true" required="true"/>
    <column name="allocated_value" phpName="AllocatedValue" type="FLOAT" required="true"/>
    <column name="disbursed_value" phpName="DisbursedValue" type="FLOAT"/>
    <column name="month" phpName="Month" type="INTEGER" size="2" primaryKey="true" required="true"/>
    <column name="year" phpName="Year" type="INTEGER" size="4" primaryKey="true" required="true"/>
    <column name="date_created" phpName="DateCreated" type="TIMESTAMP" required="true"/>
    <column name="created_by" phpName="CreatedBy" type="VARCHAR" size="64" required="true"/>
    <column name="date_modified" phpName="DateModified" type="TIMESTAMP"/>
    <column name="modified_by" phpName="ModifiedBy" type="VARCHAR" size="64"/>
    <foreign-key foreignTable="beneficiary_index" name="schedule_ibfk_1" onUpdate="CASCADE">
      <reference local="principle_item_id" foreign="principle_item_id"/>
      <reference local="beneficiary_id" foreign="beneficiary_id"/>
      <reference local="beneficiary_cat_allocation_group_id" foreign="beneficiary_cat_allocation_group_id"/>
    </foreign-key>
    <foreign-key foreignTable="revenue_type_category" name="schedule_ibfk_2" onUpdate="CASCADE">
      <reference local="revenue_type_category_id" foreign="revenue_type_category_id"/>
    </foreign-key>
    <index name="revenue_type_category_id">
      <index-column name="revenue_type_category_id"/>
    </index>
    <vendor type="mysql">
      <parameter name="Engine" value="InnoDB"/>
    </vendor>
  </table>
  <table name="schedule_disbursement" idMethod="native" phpName="ScheduleDisbursement">
    <column name="beneficiary_id" phpName="BeneficiaryId" type="VARCHAR" size="64" primaryKey="true" required="true"/>
    <column name="beneficiary_cat_allocation_group_id" phpName="BeneficiaryCatAllocationGroupId" type="VARCHAR" size="64" primaryKey="true" required="true"/>
    <column name="revenue_type_category_id" phpName="RevenueTypeCategoryId" type="VARCHAR" size="64" primaryKey="true" required="true"/>
    <column name="total_allocated_value" phpName="TotalAllocatedValue" type="FLOAT" required="true"/>
    <column name="total_disbursed_value" phpName="TotalDisbursedValue" type="FLOAT"/>
    <column name="month" phpName="Month" type="INTEGER" size="2" primaryKey="true" required="true"/>
    <column name="year" phpName="Year" type="INTEGER" size="4" primaryKey="true" required="true"/>
    <column name="date_created" phpName="DateCreated" type="TIMESTAMP" required="true"/>
    <column name="created_by" phpName="CreatedBy" type="VARCHAR" size="64" required="true"/>
    <column name="date_modified" phpName="DateModified" type="TIMESTAMP"/>
    <column name="modified_by" phpName="ModifiedBy" type="VARCHAR" size="64"/>
    <foreign-key foreignTable="beneficiary" name="schedule_disbursement_ibfk_1" onUpdate="CASCADE">
      <reference local="beneficiary_id" foreign="beneficiary_id"/>
    </foreign-key>
    <foreign-key foreignTable="beneficiary_category_allocation_group" name="schedule_disbursement_ibfk_2" onUpdate="CASCADE">
      <reference local="beneficiary_cat_allocation_group_id" foreign="beneficiary_cat_allocation_group_id"/>
    </foreign-key>
    <foreign-key foreignTable="revenue_type_category" name="schedule_disbursement_ibfk_3" onUpdate="CASCADE">
      <reference local="revenue_type_category_id" foreign="revenue_type_category_id"/>
    </foreign-key>
    <index name="beneficiary_cat_allocation_group_id">
      <index-column name="beneficiary_cat_allocation_group_id"/>
    </index>
    <index name="revenue_type_category_id">
      <index-column name="revenue_type_category_id"/>
    </index>
    <vendor type="mysql">
      <parameter name="Engine" value="InnoDB"/>
    </vendor>
  </table>
  <table name="session_token" idMethod="native" phpName="SessionToken">
    <column name="username" phpName="Username" type="VARCHAR" size="64" primaryKey="true" required="true"/>
    <column name="token" phpName="Token" type="VARCHAR" size="256" required="true"/>
    <column name="date_created" phpName="DateCreated" type="TIMESTAMP" required="true"/>
    <vendor type="mysql">
      <parameter name="Engine" value="InnoDB"/>
    </vendor>
  </table>
  <table name="state" idMethod="native" phpName="State">
    <column name="state_id" phpName="StateId" type="VARCHAR" size="64" primaryKey="true" required="true"/>
    <column name="state_name" phpName="StateName" type="VARCHAR" size="64" required="true"/>
    <vendor type="mysql">
      <parameter name="Engine" value="InnoDB"/>
    </vendor>
  </table>
  <table name="supergroup" idMethod="native" phpName="Supergroup">
    <column name="supergroup_id" phpName="SupergroupId" type="VARCHAR" size="64" primaryKey="true" required="true"/>
    <column name="description" phpName="Description" type="VARCHAR" size="256" required="true"/>
    <column name="is_active" phpName="IsActive" type="INTEGER" size="1" required="true"/>
    <column name="is_default" phpName="IsDefault" type="INTEGER" size="1" required="true"/>
    <column name="date_created" phpName="DateCreated" type="TIMESTAMP" required="true"/>
    <column name="created_by" phpName="CreatedBy" type="VARCHAR" size="64" required="true"/>
    <column name="date_modified" phpName="DateModified" type="TIMESTAMP"/>
    <column name="modified_by" phpName="ModifiedBy" type="VARCHAR" size="64"/>
    <vendor type="mysql">
      <parameter name="Engine" value="InnoDB"/>
    </vendor>
  </table>
  <table name="supergroup_revenue_type_category" idMethod="native" phpName="SupergroupRevenueTypeCategory">
    <column name="revenue_type_category_id" phpName="RevenueTypeCategoryId" type="VARCHAR" size="64" primaryKey="true" required="true"/>
    <column name="supergroup_id" phpName="SupergroupId" type="VARCHAR" size="64" primaryKey="true" required="true"/>
    <column name="date_created" phpName="DateCreated" type="TIMESTAMP" required="true"/>
    <column name="created_by" phpName="CreatedBy" type="VARCHAR" size="64" required="true"/>
    <column name="date_modified" phpName="DateModified" type="TIMESTAMP"/>
    <column name="modified_by" phpName="ModifiedBy" type="VARCHAR" size="64"/>
    <foreign-key foreignTable="revenue_type_category" name="supergroup_revenue_type_category_ibfk_1" onDelete="CASCADE" onUpdate="CASCADE">
      <reference local="revenue_type_category_id" foreign="revenue_type_category_id"/>
    </foreign-key>
    <foreign-key foreignTable="supergroup" name="supergroup_revenue_type_category_ibfk_2" onUpdate="CASCADE">
      <reference local="supergroup_id" foreign="supergroup_id"/>
    </foreign-key>
    <index name="supergroup_id">
      <index-column name="supergroup_id"/>
    </index>
    <vendor type="mysql">
      <parameter name="Engine" value="InnoDB"/>
    </vendor>
  </table>
</database>