BeneficiaryId,BeneficiaryName,Value
ABIA,ABIA,14521
ADAMAWA,ADAMAWA,8792
AKWA IBOM,AKWA IBOM,10001.5
ANAMBRA,ANAMBRA,12174.1
BAUCHI,BAUCHI,11902.8
BAYELSA,BAYELSA,17265
BENUE,BENUE,8774.5
BORNO,BORNO,12673
CROSS RIVER,CROSS RIVER,11531.1
DELTA,DELTA,13460.5
EBONYI,EBONYI,14627.5
EDO,EDO,12248.5
EKITI,EKITI,11169.5
ENUGU,ENUGU,12246
GOMBE,GOMBE,11387.5
IMO,IMO,14423.5
JIGAWA,JIGAWA,13124
KADUNA,KADUNA,9479
KANO,KANO,19423.5
KATSINA,KATSINA,9583.5
KEBBI,KEBBI,13038.5
KOGI,KOGI,9036
KWARA,KWARA,10054
LAGOS,LAGOS,19901
NASARAWA,NASARAWA,7117
NIGER,NIGER,6645.6
OGUN,OGUN,12345.5
ONDO,ONDO,6497.5
OSUN,OSUN,14166.5
OYO,OYO,7049
PLATEAU,PLATEAU,12188
RIVERS,RIVERS,12637
SOKOTO,SOKOTO,13635.5
TARABA,TARABA,6695.5
YOBE,YOBE,12208
ZAMFARA,ZAMFARA,8265.5
