BeneficiaryId,BeneficiaryName,Value
ABIA,ABIA, 201.58 
ADAMAWA,ADAMAWA, 137.22 
AKWA IBOM,AKWA IBOM, 143.50 
ANAMBRA,ANAMBRA, 120.29 
BAUCHI,BAUCHI, 154.86 
BAYELSA,BAYELSA, 244.92 
BENUE,BENUE, 201.23 
BORNO,BORNO, 205.80 
CROSS RIVER,CROSS RIVER, 247.73 
DELTA,DELTA, 116.37 
EBONYI,EBONYI, 215.78 
EDO,EDO, 102.17 
EKITI,EKITI, 221.93 
ENUGU,ENUGU, 247.76 
GOMBE,GOMBE, 236.22 
IMO,IMO, 199.58 
JIGAWA,JIGAWA, 219.71 
KADUNA,KADUNA, 170.42 
KANO,KANO, 208.81 
KATSINA,KATSINA, 156.20 
KEBBI,KEBBI, 202.51 
KOGI,KOGI, 309.70 
KWARA,KWARA, 106.85 
LAGOS,LAGOS, 13.64 
NASARAWA,NASARAWA, 247.99 
NIGER,NIGER, 201.82 
OGUN,OGUN, 50.73 
ONDO,ONDO, 109.49 
OSUN,OSUN, 67.13 
OYO,OYO, 48.54 
PLATEAU,PLATEAU, 228.25 
RIVERS,RIVERS, 108.24 
SOKOTO,SOKOTO, 225.89 
TARABA,TARABA, 117.78 
YOBE,YOBE, 194.69 
ZAMFARA,ZAMFARA, 167.13 
