BeneficiaryId,BeneficiaryName,Value
ABIA,ABIA,4902
ADAMAWA,ADAMAWA,38823
AKWA IBOM,AKWA IBOM,6772
ANAMBRA,ANAMBRA,4816
BAUCHI,BAUCHI,49934
BAYELSA,BAYELSA,9416
BENUE,BENUE,31277
BORNO,BORNO,75541
CROSS RIVER,CROSS RIVER,21637
DELTA,DELTA,17239
EBONYI,EBONYI,6421
EDO,EDO,19819
EKITI,EKITI,5888
ENUGU,ENUGU,7660
GOMBE,GOMBE,17982
IMO,IMO,5183
JIGAWA,JIGAWA,24516
KADUNA,KADUNA,45711
KANO,KANO,21277
KATSINA,KATSINA,24971
KEBBI,KEBBI,37728
KOGI,KOGI,29582
KWARA,KWARA,34468
LAGOS,LAGOS,3496
NASARAWA,NASARAWA,27271
NIGER,NIGER,74109
OGUN,OGUN,16981
ONDO,ONDO,15820
OSUN,OSUN,9026
OYO,OYO,28245
PLATEAU,PLATEAU,27217
RIVERS,RIVERS,10432
SOKOTO,SOKOTO,33777
TARABA,TARABA,60292
YOBE,YOBE,46910
ZAMFARA,ZAMFARA,35171
