BeneficiaryId,BeneficiaryName,Value
ABIA,ABIA,2833999
ADAMAWA,ADAMAWA,3168101
AKWA IBOM,AKWA IBOM,3920208
ANAMBRA,ANAMBRA,4182032
BAUCHI,BAUCHI,4646465
BAYELSA,BAYELSA,1703358
BENUE,BENUE,4219244
BORNO,BORNO,4151193
CROSS RIVER,CROSS RIVER,2888966
DELTA,DELTA,4098391
EBONYI,EBONYI,2173501
EDO,EDO,3218332
EKITI,EKITI,2384212
ENUGU,ENUGU,3257298
GOMBE,GOMBE,2353879
IMO,IMO,3934899
JIGAWA,JIGAWA,4348649
KADUNA,KADUNA,6066562
KANO,KANO,9383682
KATSINA,KATSINA,5792578
KEBBI,KEBBI,3238628
KOGI,KOGI,3278487
KWARA,KWARA,2371089
LAGOS,LAGOS,9013534
NASARAWA,NASARAWA,1863275
NIGER,NIGER,3950249
OGUN,OGUN,3728098
ONDO,ONDO,3441024
OSUN,OSUN,3423535
OYO,OYO,5591589
PLATEAU,PLATEAU,3178712
RIVERS,RIVERS,5185400
SOKOTO,SOKOTO,3696999
TARABA,TARABA,2300736
YOBE,YOBE,2321591
ZAMFARA,ZAMFARA,3259846
