BeneficiaryId,BeneficiaryName,Value
ABIA,ABIA,697051
ADAMAWA,ADAMAWA,706665
AKWA IBOM,AKWA IBOM,1703182
ANAMBRA,ANAMBRA,872088
BAUCHI,BAUCHI,1521362.5
BAYELSA,BAYELSA,750851.6
BENUE,BENUE,1352751.5
BORNO,BORNO,1158720
CROSS RIVER,CROSS RIVER,832139
DELTA,DELTA,664185.5
EBONYI,EBONYI,920014.5
EDO,EDO,557263.5
EKITI,EKITI,526884
ENUGU,ENUGU,976003.5
GOMBE,GOMBE,604275.5
IMO,IMO,1109835
JIGAWA,JIGAWA,922797.5
KADUNA,KADUNA,1552931
KANO,KANO,1806268.5
KATSINA,KATSINA,1804578.5
KEBBI,KEBBI,891582.5
KOGI,KOGI,1331025
KWARA,KWARA,457566
LAGOS,LAGOS,573255
NASARAWA,NASARAWA,941694.95
NIGER,NIGER,774627
OGUN,OGUN,439331.5
ONDO,ONDO,733930
OSUN,OSUN,898877.5
OYO,OYO,1113306
PLATEAU,PLATEAU,1055254.825
RIVERS,RIVERS,500298.5
SOKOTO,SOKOTO,938709.5
TARABA,TARABA,1049740.875
YOBE,YOBE,813283
ZAMFARA,ZAMFARA,412017
