BeneficiaryId,BeneficiaryName,Value
ABIA,ABIA,823412
ADAMAWA,ADAMAWA,708162
AKWA IBOM,AKWA IBOM,645705
ANAMBRA,ANAMBRA,789246
BAUCHI,BAUCHI,1063806
BAYELSA,BAYELSA,546734
BENUE,BENUE,809611
BORNO,BORNO,858070
CROSS RIVER,CROSS RIVER,663792
DELTA,DELTA,768357
EBONYI,EBONYI,534643
EDO,EDO,768418
EKITI,EKITI,521992
ENUGU,ENUGU,710866
GOMBE,GOMBE,819519
IMO,IMO,939548
JIGAWA,JIGAWA,478422
KADUNA,KADUNA,1274873
KANO,KANO,1758839
KATSINA,KATSINA,1195378
KEBBI,KEBBI,716616
KOGI,KOGI,743638
KWARA,KWARA,397686
LAGOS,LAGOS,1009816
NASARAWA,NASARAWA,432448
NIGER,NIGER,481007
OGUN,OGUN,516352
ONDO,ONDO,525238
OSUN,OSUN,591093
OYO,OYO,839865
PLATEAU,PLATEAU,855057
RIVERS,RIVERS,923832
SOKOTO,SOKOTO,792034
TARABA,TARABA,263829
YOBE,YOBE,593854
ZAMFARA,ZAMFARA,355938
