BeneficiaryId,BeneficiaryName,Value
ABIA,ABIA,4902.3
ADAMAWA,ADAMAWA,38823.3
AKWA IBOM,AKWA IBOM,6772.1
ANAMBRA,ANAMBRA,4816.2
BAUCHI,BAUCHI,49933.9
BAYELSA,BAYELSA,9415.8
BENUE,BENUE,31276.7
BORNO,BORNO,75540.9
CROSS RIVER,CROSS RIVER,21636.6
DELTA,DELTA,17239.3
EBONYI,EBONYI,6421.3
EDO,EDO,19819.3
EKITI,EKITI,5887.9
ENUGU,ENUGU,7660.2
GOMBE,GOMBE,17982.1
IMO,IMO,5182.8
JIGAWA,JIGAWA,24515.6
KADUNA,KADUNA,45711.2
KANO,KANO,21276.9
KATSINA,KATSINA,24971.2
KEBBI,KEBBI,37728
KOGI,KOGI,29581.9
KWARA,KWARA,34467.6
LAGOS,LAGOS,3496.5
NASARAWA,NASARAWA,27271.5
NIGER,NIGER,74108.6
OGUN,OGUN,16980.5
ONDO,ONDO,15820
OSUN,OSUN,9026
OYO,OYO,28245.3
PLATEAU,PLATEAU,27217
RIVERS,RIVERS,10432.3
SOKOTO,SOKOTO,33776.9
TARABA,TARABA,60291.8
YOBE,YOBE,46909.8
ZAMFARA,ZAMFARA,35170.6
