BeneficiaryId,BeneficiaryName,Value
Aba North,Aba North,40760
Aba South,Aba South,54850.5
Arochukwu,Arochukwu,50580.5
Bende,Bende,31414
Ikwuano,Ikwuano,46006.5
Isiala Ngwa North,Isiala Ngwa North,32327.5
Isiala Ngwa South,Isiala Ngwa South,37330.5
Isikwato,Isikwato,56884
Obi Ngwa,Obi Ngwa,31294.5
Ohafia,Ohafia,30345
Osisioma Ngwa,Osisioma Ngwa,34430
Ugwunagbo,Ugwunagbo,35533
Ukwu East,Ukwu East,23492.5
Ukwu West,Ukwu West,25081.5
Umuahia North,Umuahia North,79412.5
Umuahia South,Umuahia South,45283
Umunneochi,Umunneochi,42025.5
Demsa,Demsa,34850.5
Fufore,Fufore,34323
Ganye,Ganye,41330.5
Girei,Girei,31071
Gombi,Gombi,30947
Guyuk,Guyuk,40882
Hong,Hong,41369.5
Jada,Jada,40209
Lamurde,Lamurde,35151
Madagali,Madagali,30563.5
Maiha,Maiha,32171
Mayo-Belwa,Mayo-Belwa,45122
Michika,Michika,38797.5
Mubi-North,Mubi-North,25471.5
Mubi-South,Mubi-South,27243.5
Numan,Numan,21279.5
Shelleng,Shelleng,27831.5
Song,Song,19174.5
Toungo,Toungo,26165.5
Yola-North,Yola-North,40356
Yola-South,Yola-South,42355.5
Abak,Abak,66955.5
Eastern Obolo,Eastern Obolo,36380
Eket,Eket,66357.5
Esit Eket,Esit Eket,29529.5
Essien Udim,Essien Udim,57752.5
Etim Ekpo,Etim Ekpo,54623.5
Etinan,Etinan,72470
Ibeno,Ibeno,50950.5
Ibesikpo Asutan,Ibesikpo Asutan,69657
Ibiono Ibom,Ibiono Ibom,55227
Ika,Ika,37989.5
Ikono,Ikono,69861.5
Ikot Abasi,Ikot Abasi,60121.5
Ikot Ekpene,Ikot Ekpene,75542.5
Ini,Ini,63858
Itu,Itu,56994
Mbo,Mbo,39607.5
Mkpat Enin,Mkpat Enin,71767.5
Nsit Atai,Nsit Atai,24666
Nsit Ibom,Nsit Ibom,34963.5
Nsit Ubium,Nsit Ubium,37303.5
Obot Akara,Obot Akara,55598
Okobo,Okobo,33762.5
Onna,Onna,35230
Oron,Oron,49764.5
Oruk Anam,Oruk Anam,86409
Udung Uko,Udung Uko,27696.5
Ukanafun,Ukanafun,74184.5
Uruan,Uruan,63489.5
Urue Offong/Oruko,Urue Offong/Oruko,62571
Uyo,Uyo,81898.5
Aguata,Aguata,136282
Anambra East,Anambra East,30543
Anambra West,Anambra West,29841
Anaocha,Anaocha,48209
Awka North,Awka North,37048
Awka South,Awka South,49535
Ayamelum,Ayamelum,22770
Dunukofia,Dunukofia,32316
Ekwusigo,Ekwusigo,25530
Idemili North,Idemili North,58530
Idemili South,Idemili South,15310.5
Ihiala,Ihiala,42158.5
Njikoka,Njikoka,27347
Nnewi North,Nnewi North,36775.5
Nnewi South,Nnewi South,64284
Ogbaru,Ogbaru,40142
Onitsha North,Onitsha North,46521
Onitsha South,Onitsha South,59358
Orumba North,Orumba North,21675.5
Orunma South,Orunma South,16749
Oyi,Oyi,31162.5
Alkaleri,Alkaleri,86160.5
Bauchi LG,Bauchi,229990
Bogoro,Bogoro,87952
Dambam,Dambam,64718.5
Darazo,Darazo,54954
Dass,Dass,42442
Gamawa,Gamawa,94211.5
Ganjuwa,Ganjuwa,52911
Giade,Giade,38475.5
Itas Gadau,Itas Gadau,45743.5
Jama'are,Jama'are,49788
Katagum,Katagum,125374
Kirfi,Kirfi,93091
Misau,Misau,58530.5
Ningi,Ningi,92521
Shira,Shira,60991.5
T/Balewa,T/Balewa,68556.5
Toro,Toro,75380.5
Warji,Warji,51906
Zaki,Zaki,47665.5
Brass,Brass,74767.4
Ekeremor,Ekeremor,76535.3
Kolokuma/Oporuma,Kolokuma/Oporuma,57621.5
Nembe,Nembe,106676
Ogbia,Ogbia,112694
Sagbama,Sagbama,66847.1
Southern Ijaw,Southern Ijaw,176564
Yenagoa,Yenagoa,79146.9
Ado,Ado,54561.5
Agatu,Agatu,49096.5
Apa,Apa,58821
Buruku,Buruku,50831
Gboko,Gboko,70717
Guma,Guma,45488.5
Gwer East,Gwer East,49712
Gwer West,Gwer West,71797
Katshina Ala,Katshina Ala,69880
Konshisha,Konshisha,66295.5
Kwande,Kwande,89626
Logo,Logo,33046
Makurdi,Makurdi,52411
Obi B,Obi B,54707.5
Ogbadigbo,Ogbadigbo,54919
Ohimini,Ohimini,66487
Oju,Oju,81026.5
Okpokwu,Okpokwu,49238.5
Otukpo,Otukpo,60663
Tarka,Tarka,48454
Ukum,Ukum,54662
Ushango,Ushango,57846.5
Vandeikaya,Vandeikaya,62464.5
Abadam,Abadam,31178.5
Askira/Uba,Askira/Uba,41449
Bama,Bama,50532.5
Bayo,Bayo,30689
Biu,Biu,42553
Chibok,Chibok,24747
Damboa,Damboa,38128.5
Dikwa,Dikwa,27626
Gubio,Gubio,38601
Guzamala,Guzamala,36000.5
Gwoza,Gwoza,58922
Hawul,Hawul,37011
Jere,Jere,50341
Kaga,Kaga,47699
KalaBalge,KalaBalge,38328.5
Konduga,Konduga,28764.5
Kukawa,Kukawa,27913.5
Kwaya Kussar,Kwaya Kussar,30041
Mafa,Mafa,46712
Magumeri,Magumeri,53346
Maiduguri M.C.,Maiduguri M.C.,148008
Marte,Marte,64803.5
Mobbar,Mobbar,22790
Monguno,Monguno,51061
Ngala,Ngala,13861
Nganzai,Nganzai,43445
Shani,Shani,34168.5
Abi,Abi,57678.5
Akamkpa,Akamkpa,38804
Akpabuyo,Akpabuyo,39802
Bakasi,Bakasi,24425.5
Bekwara,Bekwara,38471.5
Biase,Biase,50921.5
Boki,Boki,75697
Calabar MC,Calabar MC,32058.5
Calabar South,Calabar South,32151.5
Etung,Etung,19679
Ikom,Ikom,48923
Obalinku,Obalinku,32378
Obubra,Obubra,60060
Obudu,Obudu,52673.5
Odukpani,Odukpani,54324.5
Ogoja,Ogoja,51166
Yakurr,Yakurr,61359
Yala,Yala,61566
Aniocha North,Aniocha North,11509.5
Aniocha South,Aniocha South,13580
Bomadi,Bomadi,23977.5
Burutu,Burutu,26022
Ethiope East,Ethiope East,29238
Ethiope West,Ethiope West,28078.5
Ika North East,Ika North East,43351
Ika South,Ika South,37652.5
Isoko North,Isoko North,24714
Isoko South,Isoko South,31641.5
Ndokwa East,Ndokwa East,14792.5
Ndokwa West,Ndokwa West,15985
Okpe,Okpe,28729
Oshimili North,Oshimili North,25809.5
Oshimili South,Oshimili South,15099
Patani,Patani,20205
Sapele,Sapele,29445.5
Udu,Udu,47583.5
Ugheli North,Ugheli North,50617.5
Ugheli South,Ugheli South,28346.5
Ukwuani,Ukwuani,20282.5
Uvwie,Uvwie,21543
Warri North,Warri North,19493
Warri South,Warri South,28335.5
Warri SouthWest,Warri SouthWest,28154
Abakiliki,Abakiliki,75336.5
Afikpo North,Afikpo North,22776.5
Afikpo South,Afikpo South,62872.5
Ebonyi LG,Ebonyi,64639
Ezza North,Ezza North,65756
Ezza South,Ezza South,52581.5
Ikwo,Ikwo,95864.5
Ishielu,Ishielu,76847
Ivo,Ivo,64366
Izzi,Izzi,109352
Ohaozara,Ohaozara,65956.5
Ohaukwu,Ohaukwu,49416
Onicha,Onicha,114250
Akoko Edo,Akoko Edo,40180.5
Egor,Egor,36778
Esan Central,Esan Central,20489.5
Esan North East,Esan North East,13365
Esan South East,Esan South East,30476
Esan West,Esan West,11617.5
Etsako Central,Etsako Central,18425.5
Etsako East,Etsako East,32774.5
Etsako West,Etsako West,42162.5
Igueben,Igueben,22013
Ikpoba Okha,Ikpoba Okha,43548
Oredo     ,Oredo     ,65612.5
Orhionmwon,Orhionmwon,32980
Ovia North East,Ovia North East,37660.5
Ovia South East,Ovia South East,33168.5
Owan East,Owan East,15378.5
Owan West,Owan West,28122.5
Uhunmwode,Uhunmwode,32511
Ado Ekiti,Ado Ekiti,37601.5
Efon Alaaye,Efon Alaaye,29321
Ekiti East,Ekiti East,23352
Ekiti South West,Ekiti South West,28212.5
Ekiti West,Ekiti West,25378
Emure,Emure,38146.5
Gbonyin ,Gbonyin ,31022
Ido/Osi,Ido/Osi,28049.5
Ijero,Ijero,25542.5
Ikere,Ikere,59281.5
Ikole,Ikole,47039
Ilejemeje,Ilejemeje,26541
Irepodun/ Ifelodun,Irepodun/ Ifelodun,24321
Ise/Orun,Ise/Orun,34440.5
Moba,Moba,35425
Oye,Oye,33210.5
Aninri,Aninri,45835.5
Awgu,Awgu,43883
Enugu East,Enugu East,58302
Enugu North,Enugu North,56524.5
Enugu South,Enugu South,96955
Ezeagu,Ezeagu,39608.5
Igbo Etiti,Igbo Etiti,58485.5
Igbo Eze North,Igbo Eze North,89061
Igbo Eze South,Igbo Eze South,87058
Isi Uzo,Isi Uzo,46540.5
Nkanu East,Nkanu East,43024.5
Nkanu West,Nkanu West,46592.5
Nsukka,Nsukka,79399
Oji River,Oji River,35103
Udenu,Udenu,45806.5
Udi,Udi,56828.5
Uzo Uwani,Uzo Uwani,46996
Akko,Akko,116906
Balanga,Balanga,43266
Billiri,Billiri,47951
Dukku,Dukku,38940
Funakaye,Funakaye,45525
GOMBE LG,GOMBE,90488.5
Kaltungo,Kaltungo,51828
Kwami,Kwami,56468
Nafada,Nafada,42951.5
Shongom,Shongom,23592.5
Y/Deba,Y/Deba,46359
Aboh Mbaise,Aboh Mbaise,54667.5
Ahiazu Mbaise,Ahiazu Mbaise,44800
Ehime Mbano,Ehime Mbano,39961.5
Ezinihitte Mbaise,Ezinihitte Mbaise,38879.5
Ideato North,Ideato North,60976
Ideato South,Ideato South,35214.5
Ihitte Uboma,Ihitte Uboma,23778.5
Ikeduru,Ikeduru,65424
Isiala Mbano,Isiala Mbano,49015.5
Isu,Isu,25511
Mbiatoli,Mbiatoli,73793
Ngor okoala,Ngor okoala,58970
Njaba,Njaba,35435.5
Nkwerre,Nkwerre,21782.5
Nwangele,Nwangele,21623
Ogbowo,Ogbowo,28126
Oguta,Oguta,31205
Ohaji Egbema,Ohaji Egbema,41234
Okigwe,Okigwe,37738.5
Onuimo,Onuimo,16856.5
Orlu,Orlu,37713.5
Orsu,Orsu,41149
Oru East,Oru East,54347
Oru West,Oru West,35875
Owerri  Municipal,Owerri  Municipal,34879
Owerri North,Owerri North,31141.5
Owerri West,Owerri West,69738
Auyo,Auyo,17525.5
Babura,Babura,30097
Birnin Kudu,Birnin Kudu,43425.5
Birniwa,Birniwa,36359.5
Buji,Buji,20565.5
Dutse,Dutse,53139.5
Gagarawa,Gagarawa,20665.5
Garki,Garki,35034
Gumel,Gumel,42726
Guri,Guri,21686.5
Gwaram,Gwaram,48338
Gwiwa,Gwiwa,31890
Hadeja,Hadeja,29282
Jahun,Jahun,24856.5
Kafin Hausa,Kafin Hausa,46896
Kaugama,Kaugama,20240
Kazaure,Kazaure,46428
Kirikasama,Kirikasama,18054.5
Kiyawa,Kiyawa,25281
Maigatari,Maigatari,43947
Malan Madori,Malan Madori,21646.5
Miga,Miga,37047
Ringim,Ringim,30218
Roni,Roni,40002.5
Sule Tankarkar,Sule Tankarkar,38675
Taura,Taura,50232
Yankwashi,Yankwashi,48539
Birnin Gwari,Birnin Gwari,86051
Chikun,Chikun,109760
Giwa,Giwa,71690
Igabi,Igabi,52911
Ikara,Ikara,85526.5
Jaba,Jaba,49758
Jama'a,Jama'a,43725.5
Kachia,Kachia,67965.5
Kaduna North,Kaduna North,68374.5
Kaduna South,Kaduna South,82268
Kagarko,Kagarko,51116.5
Kajuru,Kajuru,53976
Kaura,Kaura,50600
Kauru,Kauru,58886.5
Kubau,Kubau,68439
Kudan,Kudan,32517
Lere,Lere,87641.5
Makarfi,Makarfi,38022.5
Sabongari,Sabongari,67620.5
Sanga,Sanga,48382
Soba,Soba,63462
Zangon Kataf,Zangon Kataf,115728
Zaria,Zaria,98509.5
Ajingi,Ajingi,24759
Albasu,Albasu,23046.5
Bagwai,Bagwai,17260
Bebeji,Bebeji,24026
Bichi,Bichi,49582
Bunkure,Bunkure,32431
Dala,Dala,96346
Danbatta,Danbatta,27032
Dawakin Kudu,Dawakin Kudu,52868
Dawakin Tofa,Dawakin Tofa,30843
Doguwa,Doguwa,54547.5
Fagge,Fagge,48135.5
Gabasawa,Gabasawa,49855.5
Garko,Garko,21953
Garun Malam,Garun Malam,23236.5
Gaya,Gaya,33779
Gezawa,Gezawa,47437.5
Gwale,Gwale,87654
Gwarzo,Gwarzo,35920
Kabo,Kabo,48053
Kano M.C.,Kano M.C.,90409.5
Karaye,Karaye,22535
Kibiya,Kibiya,25765.5
Kiru,Kiru,41572.5
Kumbotso,Kumbotso,49520
Kunchi,Kunchi,28904.5
Kura,Kura,24544
Madobi,Madobi,22712
Makoda,Makoda,22757.5
Minjibir,Minjibir,59506.5
Nassarawa,Nassarawa,169818
Rano,Rano,20860.5
Rimingado,Rimingado,40133.5
Rogo,Rogo,52116.5
Shanono,Shanono,22511
Sumaila,Sumaila,21876
Takai,Takai,32835.5
Tarauni,Tarauni,43933
Tofa,Tofa,26810
Tsanyawa,Tsanyawa,26693.5
Tudunwada,Tudunwada,25450
Ungogo,Ungogo,61850
Warawa,Warawa,19459.5
Wudil,Wudil,47378.5
Bakori,Bakori,74034
Batagrawa,Batagrawa,43438.5
Batsari,Batsari,45131.5
Baure,Baure,56507.5
Bindawa,Bindawa,43706.5
Charanchi,Charanchi,46283
Dan Dume,Dan Dume,55936
Dan Musa,Dan Musa,56653
Danja,Danja,57701
Daura,Daura,62705
Dutsi,Dutsi,37929.5
Dutsinma,Dutsinma,55027
Faskari,Faskari,47115.5
Funtua,Funtua,59551.5
Ingawa,Ingawa,41707.5
Jibia,Jibia,68772
Kafur,Kafur,64536
Kaita,Kaita,51589
Kankara,Kankara,50784.5
Kankia,Kankia,52542
Katsina LG,Katsina,102504
Kurfi,Kurfi,54734
Kusada,Kusada,44380.5
Mai Aduwa,Mai Aduwa,51496.5
Malumfashi,Malumfashi,68109
Mani,Mani,57568.5
Mashi,Mashi,52832
Matazu,Matazu,45882.5
Musawa,Musawa,56198
Rimi,Rimi,34499
Sabuwa,Sabuwa,33662
Safana,Safana,54324
Sandamu,Sandamu,32986
Zango,Zango,43752.5
Aleiru,Aleiru,22302.5
Arewa,Arewa,62266
Argungu,Argungu,60313.5
Augie,Augie,29506
B/Kebbi,B/Kebbi,67335.5
Bagudo,Bagudo,76887.5
Bunza,Bunza,53436
D/Wasagu,D/Wasagu,53167
Dandi Kamba,Dandi Kamba,53242.5
Fakai,Fakai,29064.5
Gwandu,Gwandu,35744
Jega,Jega,33965
K/Besse,K/Besse,38369.5
Kalgo,Kalgo,43776.5
Maiyama,Maiyama,31443.5
Ngaski,Ngaski,31141.5
Sakaba,Sakaba,27945
Shanga,Shanga,30315
Suru,Suru,44978
Yauri,Yauri,28638
Zuru,Zuru,37745.5
Adavi,Adavi,88514.5
Ajaokuta,Ajaokuta,69625
Ankpa,Ankpa,81960
Bassa K,Bassa K,40099
Dekina,Dekina,113100
Ibaji,Ibaji,92261.5
Idah,Idah,37064
Igalamela-Odolu,Igalamela-Odolu,49756.5
Ijumu,Ijumu,54861.5
Kabba Bunu,Kabba Bunu,67406
KOGI LG,KOGI,37010
Lokoja,Lokoja,66718
Mopa Muro,Mopa Muro,23106
Ofu,Ofu,61690.5
Ogori Magongo,Ogori Magongo,31597.5
Okehi,Okehi,74474
Okene,Okene,144672
Olamaboro,Olamaboro,51513.5
Omala,Omala,59459
Yagba East,Yagba East,44920
Yagba West,Yagba West,41215.5
Asa,Asa,29903.5
Baruteun,Baruteun,38892.5
Edu,Edu,39187
Ekiti LG,Ekiti,18642
Ifelodun,Ifelodun,25857.5
Ilorin East,Ilorin East,26499.5
Ilorin South,Ilorin South,29213.5
Ilorin West,Ilorin West,57293.5
Irepodun KW,Irepodun KW,32517.5
Isin,Isin,19965.5
Kai ama,Kai ama,36059.5
Moro,Moro,24338
Offa,Offa,14843.5
Oke-ero,Oke-ero,15436.5
Oyun,Oyun,24502
Pategi,Pategi,24414.5
Agege,Agege,28175.5
Ajeromi/Ifelodun,Ajeromi/Ifelodun,33544.5
Alimosho,Alimosho,78017
Amuwo Odofin,Amuwo Odofin,14743
Apapa,Apapa,15770.5
Badagry,Badagry,59089
Epe,Epe,20733.5
Eti-osa,Eti-osa,11879.5
Ibeju-Lekki,Ibeju-Lekki,5952
Ifako/Ijaye,Ifako/Ijaye,26672
Ikeja,Ikeja,13315.5
Ikorodu,Ikorodu,85147
Kosofe,Kosofe,14941
Lagos Island,Lagos Island,12609
Lagos Mainland,Lagos Mainland,12791.5
Mushin,Mushin,24895.5
Ojo,Ojo,24555
Oshodi/Isolo,Oshodi/Isolo,18604.5
Shomolu,Shomolu,34450
Surulere L,Surulere L,37369.5
Akwanga,Akwanga,43800.7
Awe,Awe,82326.6
Doma,Doma,41086.3
Karu,Karu,102338
Keana,Keana,61325.1
Keffi,Keffi,28817.1
Kokona,Kokona,40869.5
Lafia,Lafia,135434
NASARAWA LG,NASARAWA,114770
Nasarawa Eggon,Nasarawa Eggon,96045.9
Obi N,Obi N,63818.1
Toto,Toto,87591.5
Wamba,Wamba,43472.8
Agaie,Agaie,48018.5
Agwara,Agwara,44892
Bida,Bida,23491
Borgu,Borgu,43879.5
Bosso,Bosso,25522.5
Chanchaga,Chanchaga,24844
Edati,Edati,29446.5
Gbako,Gbako,18926.5
Gurara,Gurara,35282.5
Katcha,Katcha,27500
Kontagora,Kontagora,24281.5
Lapai,Lapai,28002.5
Lavun,Lavun,33955.5
Magama,Magama,20104.5
Mariga,Mariga,37291
Mashegu,Mashegu,32032.5
Mokwa,Mokwa,31436.5
Muya,Muya,20911.5
Paikoro,Paikoro,39794
Rafi,Rafi,36236.5
Rijau,Rijau,24049.5
Shiroro,Shiroro,34273
Suleja,Suleja,21716
Tafa,Tafa,40258
Wushishi,Wushishi,28481.5
Abeokuta North,Abeokuta North,26247
Abeokuta South,Abeokuta South,26279
Ado-Odo/Ota,Ado-Odo/Ota,42586
Egbado (yewa) North,Egbado (yewa) North,15497
Egbado(yewa) South,Egbado(yewa) South,29906.5
Ewekoro,Ewekoro,21634.5
Ifo,Ifo,33803
Ijebu East,Ijebu East,9901.5
Ijebu North,Ijebu North,30418
Ijebu North-East,Ijebu North-East,5578
Ijebu Ode,Ijebu Ode,23404.5
Ikenne,Ikenne,20422
Imeko Afon,Imeko Afon,25378.5
Ipokia,Ipokia,14281.5
Obafemi  Owode,Obafemi  Owode,19713.5
Odedah,Odedah,21983.5
Odogbolu,Odogbolu,11383.5
Ogun Water side,Ogun Water side,17106
Remo North,Remo North,19904.5
Shagamu,Shagamu,23903.5
Akoko North East,Akoko North East,43794.5
Akoko North West,Akoko North West,53867
Akoko South West,Akoko South West,33206
Akoko South East,Akoko South East,42237.5
Akure North,Akure North,14962
Akure South,Akure South,62943
Ese-Edo,Ese-Edo,23710
Idanre,Idanre,23782
Ifedore,Ifedore,11838.5
Ilaje,Ilaje,72672
Ile-Oluji Okeigbo ,Ile-Oluji Okeigbo ,48996
Irele,Irele,21876
Odigbo,Odigbo,26371
Okitipupa,Okitipupa,76813.5
Ondo East,Ondo East,19317.5
Ondo West,Ondo West,85185
Ose,Ose,33047
Owo,Owo,39311.5
Aiye daade,Aiye daade,17175.5
Aiye dire,Aiye dire,26433
Atakumosa East,Atakumosa East,22039.5
Atakumosa West,Atakumosa West,13509.5
Boluwa Duro,Boluwa Duro,11879.5
Boripe,Boripe,27158.5
Ede North,Ede North,9786
Ede South,Ede South,26390
Egbe Dore,Egbe Dore,16298
Ejigbo,Ejigbo,21805
Ife Central,Ife Central,26855
Ife Dayo,Ife Dayo,19802.5
Ife East,Ife East,9893
Ife Lodun,Ife Lodun,24091
Ife North,Ife North,9533.5
Ife South,Ife South,20250
Ila,Ila,7358
Ilesha East,Ilesha East,19351.5
Ilesha West,Ilesha West,20113
Irepodun OS,Irepodun OS,22011.5
Irewole,Irewole,22554.5
Isokan,Isokan,41944
Iwo,Iwo,56696.5
Obokun,Obokun,27866
Odo Otin,Odo Otin,254828
Olaoluwa,Olaoluwa,34096.5
Olorunda,Olorunda,25886
Oriade,Oriade,36621.5
Orolu,Orolu,10966
Osogbo,Osogbo,15685.5
Afijio,Afijio,26484.5
Akinyele,Akinyele,27456
Atiba,Atiba,32205
Atisbo,Atisbo,27264
Egbeda,Egbeda,29597.5
Ibadan N.E,Ibadan N.E,82710
Ibadan N.W,Ibadan N.W,73842.5
Ibadan North,Ibadan North,24859.5
Ibadan S. E.,Ibadan S. E.,33308
Ibadan S.W,Ibadan S.W,39285
Ibarapa Central,Ibarapa Central,39910
Ibarapa East,Ibarapa East,18826.5
Ibarapa North,Ibarapa North,20467.5
Ido,Ido,27396
Irepo,Irepo,33308.5
Iseyin,Iseyin,34701
Itesiwaju,Itesiwaju,21162
Iwajowa,Iwajowa,18454.5
Kajola,Kajola,37344.5
Lagelu,Lagelu,51679
Ogbomoso North,Ogbomoso North,33418
Ogbomoso South,Ogbomoso South,26830.5
Ogo-Oluwa,Ogo-Oluwa,20570
Olorunsogo,Olorunsogo,32117.5
Oluyole,Oluyole,30613.5
Ona-Ara,Ona-Ara,38116.5
Orelope,Orelope,31153
Ori ire,Ori ire,41730
Oyo East,Oyo East,23793
Oyo West,Oyo West,23797
Saki East,Saki East,29505.5
Saki West,Saki West,46917
Surulere O,Surulere O,34483
Barkin Ladi,Barkin Ladi,82011.8
Bassa P,Bassa P,79046.4
Bokkos,Bokkos,48233.5
Jos East,Jos East,39341.7
Jos North,Jos North,72800.2
Jos South,Jos South,77574.8
Kanam,Kanam,52697.8
Kanke,Kanke,40942.1
Langtang North,Langtang North,57499.9
Langtang South,Langtang South,52885.1
Mangu,Mangu,83283.2
Mikang,Mikang,29499.8
Pankshin,Pankshin,112583
Quan-pan,Quan-pan,77276.8
Riyom,Riyom,50434.5
Shendam,Shendam,58233.5
Wase,Wase,40910.4
Abua/Odual,Abua/Odual,16120
Ahoada East,Ahoada East,12359
Ahoada West,Ahoada West,18088.5
Akukutoru,Akukutoru,29574
Andoni,Andoni,37963
Asari-Toru,Asari-Toru,20630.5
Bonny,Bonny,14954.5
Degema,Degema,5514.5
Eleme,Eleme,12012
Emuoha,Emuoha,14431
Etche,Etche,36374.5
Gonaka,Gonaka,18517.5
Ikwerre,Ikwerre,14580
Khana,Khana,40628
Obia/Akpor,Obia/Akpor,23526.5
Ogba/Egbema/Ndoni,Ogba/Egbema/Ndoni,16103
Ogu/Bolo,Ogu/Bolo,19128
Okrika,Okrika,6605.5
Omumma,Omumma,9169
Opobo/Nkoro,Opobo/Nkoro,6757.5
Oyigbo,Oyigbo,30362
Port Harcourt,Port Harcourt,56293
Tai,Tai,40607
Binji,Binji,26668
Bodinga,Bodinga,58905.1
Dange Shuni,Dange Shuni,28872
Gada,Gada,31275.5
Goronyo,Goronyo,42874.9
Gudu,Gudu,16373.9
Gwadabawa,Gwadabawa,48844.1
Illela,Illela,38536.5
Isa,Isa,68494.9
Kebbe,Kebbe,24285
Kware,Kware,31512.5
Rabah,Rabah,62640.6
Sabon Birni,Sabon Birni,50522.5
Shagari,Shagari,23482.8
Silame,Silame,26782.1
Sokoto North,Sokoto North,41452.2
Sokoto South,Sokoto South,41375.2
Tambuwal,Tambuwal,51337.1
Tangaza,Tangaza,57303.6
Tureta,Tureta,43074.6
Wammako,Wammako,48927.5
Wurno,Wurno,26833.1
yabo,yabo,48335.6
Ardo-Kola,Ardo-Kola,32088.5
Bali,Bali,60328.8
Donga,Donga,80444.6
Gashaka,Gashaka,40927.1
Gassol,Gassol,50759.9
Ibbi,Ibbi,47979.4
jalingo,jalingo,53661
Karim-Lamido,Karim-Lamido,94103.4
Kurmi,Kurmi,35877.8
Lau,Lau,47640.6
Sardauna,Sardauna,138048
Takum,Takum,114468
Ussa,Ussa,35045
Wukari,Wukari,107030
Yorro,Yorro,47556.4
Zing,Zing,63782.4
Bade,Bade,68525.5
Bursari,Bursari,51785.5
Damaturu,Damaturu,43134.5
Fika,Fika,51878
Fune,Fune,71682.5
Geidam,Geidam,59942
Gujba,Gujba,68391.5
Gulani,Gulani,37888
Jakusko,Jakusko,45077
Karasuwa,Karasuwa,35632
Machina,Machina,20347.5
Nangere,Nangere,48207.5
Nguru,Nguru,48170
Potiskum,Potiskum,94384.5
Tarmuwa,Tarmuwa,22416
Yunusari,Yunusari,20962.5
Yusufari,Yusufari,24858.5
Anka,Anka,25469.5
B/Magaji,B/Magaji,18695.5
Bakura,Bakura,13431.5
Bukkuyum,Bukkuyum,16243.5
Bungudu,Bungudu,42546.5
Gummi,Gummi,20401.5
Gusau,Gusau,59629
Kaura Namoda,Kaura Namoda,32615
Maradun,Maradun,35085.5
Maru,Maru,27121
Shinkafi,Shinkafi,21963.5
Talata Mafara,Talata Mafara,53236.5
Tsafe,Tsafe,15829
Zurmi,Zurmi,29749.5
Abaji,Abaji,35025
Abuja Municipal,Abuja Municipal,80574.5
Bwari,Bwari,70503
Gwagwalada,Gwagwalada,58492
Kuje,Kuje,75667.5
Kwali,Kwali,75043.5
