BeneficiaryId,BeneficiaryName,Value
Aba North,Aba North,972
Aba South,Aba South,985
Arochukwu,Arochukwu,979
Bende,Bende,977
Ikwuano,Ikwuano,944.75
Isiala Ngwa North,Isiala Ngwa North,985
Isiala Ngwa South,Isiala Ngwa South,968
Isikwato,Isikwato,979
Obi Ngwa,Obi Ngwa,981
Ohafia,Ohafia,983
Osisioma Ngwa,Osisioma Ngwa,756
Ugwunagbo,Ugwunagbo,978
Ukwu East,Ukwu East,989
Ukwu West,Ukwu West,813
Umuahia North,Umuahia North,986
Umuahia South,Umuahia South,995
Umunneochi,Umunneochi,925.75
Demsa,Demsa,279.5
Fufore,Fufore,576.5
Ganye,Ganye,590
Girei,Girei,492.5
Gombi,Gombi,542.5
Guyuk,Guyuk,468.1
Hong,Hong,579
Jada,Jada,788
Lamurde,Lamurde,434.5
Madagali,Madagali,438
Maiha,Maiha,270
Mayo-Belwa,Mayo-Belwa,640
Michika,Michika,472
Mubi-North,Mubi-North,619
Mubi-South,Mubi-South,451
Numan,Numan,439.5
Shelleng,Shelleng,458.5
Song,Song,541
Toungo,Toungo,544.5
Yola-North,Yola-North,307.5
Yola-South,Yola-South,584.5
Abak,Abak,674.5
Eastern Obolo,Eastern Obolo,373.5
Eket,Eket,759
Esit Eket,Esit Eket,414
Essien Udim,Essien Udim,677.5
Etim Ekpo,Etim Ekpo,614.5
Etinan,Etinan,668.5
Ibeno,Ibeno,554.5
Ibesikpo Asutan,Ibesikpo Asutan,690.5
Ibiono Ibom,Ibiono Ibom,589.5
Ika,Ika,364
Ikono,Ikono,558
Ikot Abasi,Ikot Abasi,455.5
Ikot Ekpene,Ikot Ekpene,611
Ini,Ini,400
Itu,Itu,404.5
Mbo,Mbo,615
Mkpat Enin,Mkpat Enin,646.5
Nsit Atai,Nsit Atai,541
Nsit Ibom,Nsit Ibom,643
Nsit Ubium,Nsit Ubium,628.5
Obot Akara,Obot Akara,688.5
Okobo,Okobo,291
Onna,Onna,490
Oron,Oron,684
Oruk Anam,Oruk Anam,630
Udung Uko,Udung Uko,681.5
Ukanafun,Ukanafun,691
Uruan,Uruan,759
Urue Offong/Oruko,Urue Offong/Oruko,463.6
Uyo,Uyo,538.5
Aguata,Aguata,861.2
Anambra East,Anambra East,388.6
Anambra West,Anambra West,467.4
Anaocha,Anaocha,987
Awka North,Awka North,562.8
Awka South,Awka South,751.6
Ayamelum,Ayamelum,305.1
Dunukofia,Dunukofia,990
Ekwusigo,Ekwusigo,755.9
Idemili North,Idemili North,988
Idemili South,Idemili South,850.6
Ihiala,Ihiala,994.5
Njikoka,Njikoka,942
Nnewi North,Nnewi North,757.4
Nnewi South,Nnewi South,786.7
Ogbaru,Ogbaru,340.3
Onitsha North,Onitsha North,493.2
Onitsha South,Onitsha South,675
Orumba North,Orumba North,986
Orunma South,Orunma South,871
Oyi,Oyi,527
Alkaleri,Alkaleri,484.5
Bauchi LG,Bauchi,973
Bogoro,Bogoro,381
Dambam,Dambam,637.5
Darazo,Darazo,694
Dass,Dass,790
Gamawa,Gamawa,385.5
Ganjuwa,Ganjuwa,491
Giade,Giade,548.5
Itas Gadau,Itas Gadau,265.5
Jama'are,Jama'are,213
Katagum,Katagum,528
Kirfi,Kirfi,418.5
Misau,Misau,562
Ningi,Ningi,418
Shira,Shira,618
T/Balewa,T/Balewa,456.5
Toro,Toro,442
Warji,Warji,838
Zaki,Zaki,364.5
Brass,Brass,779.3
Ekeremor,Ekeremor,768.2
Kolokuma/Oporuma,Kolokuma/Oporuma,814
Nembe,Nembe,998
Ogbia,Ogbia,731.6
Sagbama,Sagbama,957.3
Southern Ijaw,Southern Ijaw,816.1
Yenagoa,Yenagoa,913.7
Ado,Ado,909
Agatu,Agatu,920.5
Apa,Apa,725
Buruku,Buruku,798
Gboko,Gboko,982
Guma,Guma,785
Gwer East,Gwer East,901
Gwer West,Gwer West,751.5
Katshina Ala,Katshina Ala,845
Konshisha,Konshisha,677
Kwande,Kwande,943
Logo,Logo,896.5
Makurdi,Makurdi,760
Obi B,Obi B,702.6
Ogbadigbo,Ogbadigbo,905
Ohimini,Ohimini,907
Oju,Oju,845.5
Okpokwu,Okpokwu,867
Otukpo,Otukpo,848
Tarka,Tarka,666
Ukum,Ukum,890
Ushango,Ushango,769
Vandeikaya,Vandeikaya,781.5
Abadam,Abadam,455
Askira/Uba,Askira/Uba,414
Bama,Bama,343.7
Bayo,Bayo,400
Biu,Biu,324.5
Chibok,Chibok,511
Damboa,Damboa,279.5
Dikwa,Dikwa,237
Gubio,Gubio,340
Guzamala,Guzamala,284
Gwoza,Gwoza,361.2
Hawul,Hawul,274
Jere,Jere,555.4
Kaga,Kaga,412
KalaBalge,KalaBalge,343
Konduga,Konduga,458
Kukawa,Kukawa,326.5
Kwaya Kussar,Kwaya Kussar,360
Mafa,Mafa,492.5
Magumeri,Magumeri,589
Maiduguri M.C.,Maiduguri M.C.,664.5
Marte,Marte,377.5
Mobbar,Mobbar,277.5
Monguno,Monguno,427
Ngala,Ngala,184.3
Nganzai,Nganzai,310.5
Shani,Shani,495
Abi,Abi,727
Akamkpa,Akamkpa,708
Akpabuyo,Akpabuyo,427.5
Bakasi,Bakasi,297.5
Bekwara,Bekwara,526
Biase,Biase,592.5
Boki,Boki,633
Calabar MC,Calabar MC,427.5
Calabar South,Calabar South,559.5
Etung,Etung,351
Ikom,Ikom,657
Obalinku,Obalinku,691
Obubra,Obubra,692
Obudu,Obudu,614.5
Odukpani,Odukpani,622.5
Ogoja,Ogoja,557
Yakurr,Yakurr,626
Yala,Yala,618
Aniocha North,Aniocha North,539.5
Aniocha South,Aniocha South,580
Bomadi,Bomadi,344.8
Burutu,Burutu,344
Ethiope East,Ethiope East,483
Ethiope West,Ethiope West,534
Ika North East,Ika North East,709
Ika South,Ika South,586
Isoko North,Isoko North,642
Isoko South,Isoko South,478.5
Ndokwa East,Ndokwa East,604.5
Ndokwa West,Ndokwa West,505.5
Okpe,Okpe,347.3
Oshimili North,Oshimili North,475.5
Oshimili South,Oshimili South,580
Patani,Patani,248.5
Sapele,Sapele,446.5
Udu,Udu,894
Ugheli North,Ugheli North,487.5
Ugheli South,Ugheli South,475
Ukwuani,Ukwuani,195.5
Uvwie,Uvwie,794
Warri North,Warri North,586
Warri South,Warri South,451.5
Warri SouthWest,Warri SouthWest,934.5
Abakiliki,Abakiliki,988
Afikpo North,Afikpo North,833.25
Afikpo South,Afikpo South,683.75
Ebonyi LG,Ebonyi,976
Ezza North,Ezza North,655.4
Ezza South,Ezza South,981
Ikwo,Ikwo,750.4
Ishielu,Ishielu,681.95
Ivo,Ivo,701.25
Izzi,Izzi,980
Ohaozara,Ohaozara,726.75
Ohaukwu,Ohaukwu,978
Onicha,Onicha,975
Akoko Edo,Akoko Edo,594
Egor,Egor,433.5
Esan Central,Esan Central,476
Esan North East,Esan North East,362
Esan South East,Esan South East,430
Esan West,Esan West,388.5
Etsako Central,Etsako Central,310.6
Etsako East,Etsako East,451.5
Etsako West,Etsako West,453
Igueben,Igueben,370
Ikpoba Okha,Ikpoba Okha,399
Oredo     ,Oredo     ,445.5
Orhionmwon,Orhionmwon,310
Ovia North East,Ovia North East,594
Ovia South East,Ovia South East,729.5
Owan East,Owan East,710.5
Owan West,Owan West,338
Uhunmwode,Uhunmwode,453
Ado Ekiti,Ado Ekiti,543
Efon Alaaye,Efon Alaaye,604
Ekiti East,Ekiti East,405
Ekiti South West,Ekiti South West,307.5
Ekiti West,Ekiti West,473.5
Emure,Emure,293.8
Gbonyin ,Gbonyin ,375
Ido/Osi,Ido/Osi,501
Ijero,Ijero,335.5
Ikere,Ikere,181.5
Ikole,Ikole,346
Ilejemeje,Ilejemeje,308
Irepodun/ Ifelodun,Irepodun/ Ifelodun,299
Ise/Orun,Ise/Orun,441.5
Moba,Moba,281.5
Oye,Oye,528
Aninri,Aninri,691
Awgu,Awgu,980
Enugu East,Enugu East,965
Enugu North,Enugu North,877
Enugu South,Enugu South,978
Ezeagu,Ezeagu,991
Igbo Etiti,Igbo Etiti,879
Igbo Eze North,Igbo Eze North,975
Igbo Eze South,Igbo Eze South,917
Isi Uzo,Isi Uzo,969
Nkanu East,Nkanu East,985
Nkanu West,Nkanu West,976
Nsukka,Nsukka,965
Oji River,Oji River,979
Udenu,Udenu,965
Udi,Udi,989
Uzo Uwani,Uzo Uwani,974
Akko,Akko,806
Balanga,Balanga,550
Billiri,Billiri,745
Dukku,Dukku,371
Funakaye,Funakaye,586
GOMBE LG,GOMBE,896.5
Kaltungo,Kaltungo,562
Kwami,Kwami,431.5
Nafada,Nafada,333
Shongom,Shongom,350
Y/Deba,Y/Deba,786
Aboh Mbaise,Aboh Mbaise,546.5
Ahiazu Mbaise,Ahiazu Mbaise,320.8
Ehime Mbano,Ehime Mbano,714
Ezinihitte Mbaise,Ezinihitte Mbaise,586.5
Ideato North,Ideato North,893.5
Ideato South,Ideato South,694
Ihitte Uboma,Ihitte Uboma,907.9
Ikeduru,Ikeduru,875.5
Isiala Mbano,Isiala Mbano,787.5
Isu,Isu,547
Mbiatoli,Mbiatoli,812.7
Ngor okoala,Ngor okoala,942.5
Njaba,Njaba,745.5
Nkwerre,Nkwerre,531.3
Nwangele,Nwangele,638.5
Ogbowo,Ogbowo,851.5
Oguta,Oguta,978
Ohaji Egbema,Ohaji Egbema,660.5
Okigwe,Okigwe,953
Onuimo,Onuimo,895
Orlu,Orlu,679.3
Orsu,Orsu,609.1
Oru East,Oru East,753.5
Oru West,Oru West,949
Owerri  Municipal,Owerri  Municipal,624.4
Owerri North,Owerri North,767
Owerri West,Owerri West,631
Auyo,Auyo,269.5
Babura,Babura,501
Birnin Kudu,Birnin Kudu,626.5
Birniwa,Birniwa,369.5
Buji,Buji,458.5
Dutse,Dutse,512.5
Gagarawa,Gagarawa,374
Garki,Garki,460.5
Gumel,Gumel,474.5
Guri,Guri,425
Gwaram,Gwaram,596
Gwiwa,Gwiwa,644
Hadeja,Hadeja,293
Jahun,Jahun,475.5
Kafin Hausa,Kafin Hausa,450
Kaugama,Kaugama,319.5
Kazaure,Kazaure,317.5
Kirikasama,Kirikasama,459
Kiyawa,Kiyawa,460.5
Maigatari,Maigatari,371
Malan Madori,Malan Madori,318
Miga,Miga,333.5
Ringim,Ringim,532.5
Roni,Roni,369
Sule Tankarkar,Sule Tankarkar,350
Taura,Taura,370
Yankwashi,Yankwashi,461.5
Birnin Gwari,Birnin Gwari,539.5
Chikun,Chikun,395.5
Giwa,Giwa,603.5
Igabi,Igabi,632
Ikara,Ikara,580.5
Jaba,Jaba,647.5
Jama'a,Jama'a,989
Kachia,Kachia,977
Kaduna North,Kaduna North,769.5
Kaduna South,Kaduna South,642.5
Kagarko,Kagarko,602
Kajuru,Kajuru,689
Kaura,Kaura,566.5
Kauru,Kauru,673.5
Kubau,Kubau,480.5
Kudan,Kudan,694
Lere,Lere,693.5
Makarfi,Makarfi,642
Sabongari,Sabongari,718
Sanga,Sanga,638.5
Soba,Soba,590.5
Zangon Kataf,Zangon Kataf,785.5
Zaria,Zaria,839.5
Ajingi,Ajingi,267.5
Albasu,Albasu,298.5
Bagwai,Bagwai,371.5
Bebeji,Bebeji,176
Bichi,Bichi,377.5
Bunkure,Bunkure,218.5
Dala,Dala,831.5
Danbatta,Danbatta,509
Dawakin Kudu,Dawakin Kudu,562.5
Dawakin Tofa,Dawakin Tofa,274.5
Doguwa,Doguwa,287.5
Fagge,Fagge,572
Gabasawa,Gabasawa,567
Garko,Garko,323
Garun Malam,Garun Malam,622
Gaya,Gaya,220
Gezawa,Gezawa,211.5
Gwale,Gwale,618
Gwarzo,Gwarzo,490.5
Kabo,Kabo,383.5
Kano M.C.,Kano M.C.,418
Karaye,Karaye,410
Kibiya,Kibiya,318
Kiru,Kiru,577.5
Kumbotso,Kumbotso,348
Kunchi,Kunchi,365
Kura,Kura,608
Madobi,Madobi,315
Makoda,Makoda,464
Minjibir,Minjibir,184
Nassarawa,Nassarawa,713
Rano,Rano,411
Rimingado,Rimingado,535
Rogo,Rogo,448
Shanono,Shanono,427.5
Sumaila,Sumaila,372
Takai,Takai,266
Tarauni,Tarauni,647.5
Tofa,Tofa,631
Tsanyawa,Tsanyawa,385
Tudunwada,Tudunwada,340.5
Ungogo,Ungogo,349
Warawa,Warawa,309
Wudil,Wudil,352
Bakori,Bakori,569
Batagrawa,Batagrawa,855.5
Batsari,Batsari,785
Baure,Baure,486.5
Bindawa,Bindawa,780
Charanchi,Charanchi,603
Dan Dume,Dan Dume,601.5
Dan Musa,Dan Musa,678
Danja,Danja,569
Daura,Daura,971.5
Dutsi,Dutsi,847.5
Dutsinma,Dutsinma,629
Faskari,Faskari,721
Funtua,Funtua,706
Ingawa,Ingawa,648
Jibia,Jibia,581
Kafur,Kafur,760.5
Kaita,Kaita,826.5
Kankara,Kankara,497
Kankia,Kankia,792.5
Katsina LG,Katsina,855.5
Kurfi,Kurfi,697
Kusada,Kusada,679
Mai Aduwa,Mai Aduwa,802
Malumfashi,Malumfashi,487.5
Mani,Mani,648
Mashi,Mashi,501.5
Matazu,Matazu,598.6
Musawa,Musawa,643
Rimi,Rimi,543
Sabuwa,Sabuwa,616
Safana,Safana,624
Sandamu,Sandamu,729.5
Zango,Zango,890.5
Aleiru,Aleiru,575
Arewa,Arewa,954
Argungu,Argungu,679
Augie,Augie,475.5
B/Kebbi,B/Kebbi,752.5
Bagudo,Bagudo,732.7
Bunza,Bunza,852
D/Wasagu,D/Wasagu,621.5
Dandi Kamba,Dandi Kamba,832.5
Fakai,Fakai,588.5
Gwandu,Gwandu,526.2
Jega,Jega,662
K/Besse,K/Besse,675.5
Kalgo,Kalgo,755
Maiyama,Maiyama,687
Ngaski,Ngaski,624
Sakaba,Sakaba,731.4
Shanga,Shanga,592.6
Suru,Suru,431.2
Yauri,Yauri,504
Zuru,Zuru,777.5
Adavi,Adavi,940
Ajaokuta,Ajaokuta,933
Ankpa,Ankpa,761.5
Bassa K,Bassa K,798.5
Dekina,Dekina,894
Ibaji,Ibaji,975
Idah,Idah,979
Igalamela-Odolu,Igalamela-Odolu,879
Ijumu,Ijumu,567.5
Kabba Bunu,Kabba Bunu,657
KOGI LG,KOGI,864
Lokoja,Lokoja,968
Mopa Muro,Mopa Muro,845
Ofu,Ofu,988
Ogori Magongo,Ogori Magongo,932.5
Okehi,Okehi,613
Okene,Okene,985
Olamaboro,Olamaboro,734.5
Omala,Omala,986
Yagba East,Yagba East,881.5
Yagba West,Yagba West,860.5
Asa,Asa,911.5
Baruteun,Baruteun,536
Edu,Edu,887.5
Ekiti LG,Ekiti,365.6
Ifelodun,Ifelodun,893
Ilorin East,Ilorin East,918
Ilorin South,Ilorin South,845.5
Ilorin West,Ilorin West,521
Irepodun KW,Irepodun KW,914
Isin,Isin,400.5
Kai ama,Kai ama,527.5
Moro,Moro,577.5
Offa,Offa,841
Oke-ero,Oke-ero,310.8
Oyun,Oyun,797.5
Pategi,Pategi,671
Agege,Agege,320
Ajeromi/Ifelodun,Ajeromi/Ifelodun,568
Alimosho,Alimosho,866
Amuwo Odofin,Amuwo Odofin,282.5
Apapa,Apapa,320
Badagry,Badagry,397.5
Epe,Epe,368
Eti-osa,Eti-osa,881
Ibeju-Lekki,Ibeju-Lekki,173
Ifako/Ijaye,Ifako/Ijaye,163.9
Ikeja,Ikeja,115.5
Ikorodu,Ikorodu,344.5
Kosofe,Kosofe,127.5
Lagos Island,Lagos Island,189.5
Lagos Mainland,Lagos Mainland,242.5
Mushin,Mushin,198
Ojo,Ojo,284
Oshodi/Isolo,Oshodi/Isolo,347.5
Shomolu,Shomolu,190
Surulere L,Surulere L,186.5
Akwanga,Akwanga,522.25
Awe,Awe,189.25
Doma,Doma,497
Karu,Karu,833.75
Keana,Keana,499.5
Keffi,Keffi,734.125
Kokona,Kokona,470.5
Lafia,Lafia,978
NASARAWA LG,NASARAWA,667
Nasarawa Eggon,Nasarawa Eggon,945.5
Obi N,Obi N,687.375
Toto,Toto,438.875
Wamba,Wamba,460.25
Agaie,Agaie,654.5
Agwara,Agwara,731.5
Bida,Bida,719
Borgu,Borgu,535
Bosso,Bosso,419
Chanchaga,Chanchaga,363.5
Edati,Edati,292.1
Gbako,Gbako,578.5
Gurara,Gurara,549
Katcha,Katcha,395.6
Kontagora,Kontagora,540
Lapai,Lapai,657
Lavun,Lavun,461.5
Magama,Magama,545.5
Mariga,Mariga,253.4
Mashegu,Mashegu,529.2
Mokwa,Mokwa,788
Muya,Muya,257
Paikoro,Paikoro,578
Rafi,Rafi,404.5
Rijau,Rijau,363.5
Shiroro,Shiroro,242.5
Suleja,Suleja,382.9
Tafa,Tafa,405.9
Wushishi,Wushishi,509
Abeokuta North,Abeokuta North,313
Abeokuta South,Abeokuta South,198.9
Ado-Odo/Ota,Ado-Odo/Ota,381.5
Egbado (yewa) North,Egbado (yewa) North,312
Egbado(yewa) South,Egbado(yewa) South,477.5
Ewekoro,Ewekoro,230
Ifo,Ifo,417
Ijebu East,Ijebu East,409
Ijebu North,Ijebu North,367
Ijebu North-East,Ijebu North-East,252
Ijebu Ode,Ijebu Ode,124.7
Ikenne,Ikenne,401.5
Imeko Afon,Imeko Afon,449
Ipokia,Ipokia,247.5
Obafemi  Owode,Obafemi  Owode,219.9
Odedah,Odedah,375
Odogbolu,Odogbolu,285
Ogun Water side,Ogun Water side,145.5
Remo North,Remo North,177.5
Shagamu,Shagamu,299.5
Akoko North East,Akoko North East,419.5
Akoko North West,Akoko North West,553.5
Akoko South West,Akoko South West,642
Akoko South East,Akoko South East,339.5
Akure North,Akure North,542
Akure South,Akure South,714
Ese-Edo,Ese-Edo,392.5
Idanre,Idanre,424.5
Ifedore,Ifedore,425
Ilaje,Ilaje,390
Ile-Oluji Okeigbo ,Ile-Oluji Okeigbo ,625.5
Irele,Irele,187
Odigbo,Odigbo,508
Okitipupa,Okitipupa,445
Ondo East,Ondo East,562.5
Ondo West,Ondo West,657
Ose,Ose,549.5
Owo,Owo,669
Aiye daade,Aiye daade,211
Aiye dire,Aiye dire,236
Atakumosa East,Atakumosa East,257.5
Atakumosa West,Atakumosa West,337
Boluwa Duro,Boluwa Duro,348
Boripe,Boripe,377.2
Ede North,Ede North,364
Ede South,Ede South,402
Egbe Dore,Egbe Dore,292.5
Ejigbo,Ejigbo,398.5
Ife Central,Ife Central,393.5
Ife Dayo,Ife Dayo,228.5
Ife East,Ife East,125.2
Ife Lodun,Ife Lodun,466.5
Ife North,Ife North,297.5
Ife South,Ife South,420
Ila,Ila,369
Ilesha East,Ilesha East,444
Ilesha West,Ilesha West,486
Irepodun OS,Irepodun OS,401
Irewole,Irewole,289.5
Isokan,Isokan,159.5
Iwo,Iwo,367
Obokun,Obokun,208
Odo Otin,Odo Otin,287.7
Olaoluwa,Olaoluwa,155
Olorunda,Olorunda,345
Oriade,Oriade,523
Orolu,Orolu,171
Osogbo,Osogbo,261
Afijio,Afijio,313.5
Akinyele,Akinyele,573.5
Atiba,Atiba,448.5
Atisbo,Atisbo,302
Egbeda,Egbeda,171.7
Ibadan N.E,Ibadan N.E,102.5
Ibadan N.W,Ibadan N.W,132.4
Ibadan North,Ibadan North,151.2
Ibadan S. E.,Ibadan S. E.,249
Ibadan S.W,Ibadan S.W,481.5
Ibarapa Central,Ibarapa Central,117
Ibarapa East,Ibarapa East,180.5
Ibarapa North,Ibarapa North,243.2
Ido,Ido,151.7
Irepo,Irepo,381
Iseyin,Iseyin,556
Itesiwaju,Itesiwaju,286
Iwajowa,Iwajowa,166.5
Kajola,Kajola,161.9
Lagelu,Lagelu,312
Ogbomoso North,Ogbomoso North,584.5
Ogbomoso South,Ogbomoso South,482.5
Ogo-Oluwa,Ogo-Oluwa,313
Olorunsogo,Olorunsogo,317.5
Oluyole,Oluyole,661.5
Ona-Ara,Ona-Ara,229.5
Orelope,Orelope,296
Ori ire,Ori ire,498.5
Oyo East,Oyo East,412
Oyo West,Oyo West,294.5
Saki East,Saki East,251.5
Saki West,Saki West,396
Surulere O,Surulere O,420
Barkin Ladi,Barkin Ladi,635
Bassa P,Bassa P,548
Bokkos,Bokkos,678
Jos East,Jos East,638
Jos North,Jos North,967
Jos South,Jos South,695
Kanam,Kanam,817.75
Kanke,Kanke,760.5
Langtang North,Langtang North,779.5
Langtang South,Langtang South,629
Mangu,Mangu,710
Mikang,Mikang,767.625
Pankshin,Pankshin,996.875
Quan-pan,Quan-pan,837.875
Riyom,Riyom,608
Shendam,Shendam,811.5
Wase,Wase,967.125
Abua/Odual,Abua/Odual,365.7
Ahoada East,Ahoada East,306
Ahoada West,Ahoada West,652
Akukutoru,Akukutoru,796
Andoni,Andoni,845
Asari-Toru,Asari-Toru,403
Bonny,Bonny,207.5
Degema,Degema,419
Eleme,Eleme,638
Emuoha,Emuoha,626.5
Etche,Etche,684.5
Gonaka,Gonaka,749
Ikwerre,Ikwerre,530.5
Khana,Khana,866
Obia/Akpor,Obia/Akpor,499.5
Ogba/Egbema/Ndoni,Ogba/Egbema/Ndoni,733
Ogu/Bolo,Ogu/Bolo,740.5
Okrika,Okrika,726
Omumma,Omumma,564
Opobo/Nkoro,Opobo/Nkoro,255
Oyigbo,Oyigbo,450.5
Port Harcourt,Port Harcourt,727
Tai,Tai,880
Binji,Binji,500.5
Bodinga,Bodinga,427.6
Dange Shuni,Dange Shuni,502.95
Gada,Gada,821.75
Goronyo,Goronyo,972
Gudu,Gudu,665.7
Gwadabawa,Gwadabawa,545.8
Illela,Illela,716.3
Isa,Isa,704.6
Kebbe,Kebbe,500.2
Kware,Kware,348
Rabah,Rabah,681.35
Sabon Birni,Sabon Birni,595.3
Shagari,Shagari,477.25
Silame,Silame,566.1
Sokoto North,Sokoto North,693
Sokoto South,Sokoto South,732.9
Tambuwal,Tambuwal,718.75
Tangaza,Tangaza,613.25
Tureta,Tureta,726.65
Wammako,Wammako,428.65
Wurno,Wurno,921.15
yabo,yabo,486
Ardo-Kola,Ardo-Kola,308.8
Bali,Bali,761
Donga,Donga,279.45
Gashaka,Gashaka,474.6
Gassol,Gassol,513.65
Ibbi,Ibbi,702.6
jalingo,jalingo,649.9
Karim-Lamido,Karim-Lamido,984
Kurmi,Kurmi,682.15
Lau,Lau,873.35
Sardauna,Sardauna,849.25
Takum,Takum,604.25
Ussa,Ussa,827.25
Wukari,Wukari,699.45
Yorro,Yorro,793.75
Zing,Zing,459
Bade,Bade,481
Bursari,Bursari,545
Damaturu,Damaturu,439
Fika,Fika,487
Fune,Fune,465.5
Geidam,Geidam,472.5
Gujba,Gujba,400.5
Gulani,Gulani,420
Jakusko,Jakusko,485.5
Karasuwa,Karasuwa,568
Machina,Machina,334
Nangere,Nangere,619.5
Nguru,Nguru,451.5
Potiskum,Potiskum,554.5
Tarmuwa,Tarmuwa,368.5
Yunusari,Yunusari,437
Yusufari,Yusufari,282
Anka,Anka,515.5
B/Magaji,B/Magaji,523
Bakura,Bakura,466
Bukkuyum,Bukkuyum,484
Bungudu,Bungudu,480
Gummi,Gummi,522
Gusau,Gusau,732.5
Kaura Namoda,Kaura Namoda,533
Maradun,Maradun,556
Maru,Maru,798.5
Shinkafi,Shinkafi,526
Talata Mafara,Talata Mafara,503
Tsafe,Tsafe,612.5
Zurmi,Zurmi,504
Abaji,Abaji,701.5
Abuja Municipal,Abuja Municipal,990.4
Bwari,Bwari,828.5
Gwagwalada,Gwagwalada,486.5
Kuje,Kuje,901.5
Kwali,Kwali,912.5
