BeneficiaryId,BeneficiaryName,Value
Aba North,Aba North,98.5451
Aba South,Aba South,109.921
Arochukwu,Arochukwu,101.487
Bende,Bende,96.1575
Ikwuano,Ikwuano,104.022
Isiala Ngwa North,Isiala Ngwa North,118.518
Isiala Ngwa South,Isiala Ngwa South,120.349
Isikwato,Isikwato,104.933
Obi Ngwa,Obi Ngwa,99.2512
Ohafia,Ohafia,80.1628
Osisioma Ngwa,Osisioma Ngwa,106.843
Ugwunagbo,Ugwunagbo,86.2308
Ukwu East,Ukwu East,83.9341
Ukwu West,Ukwu West,72.1233
Umuahia North,Umuahia North,176.507
Umuahia South,Umuahia South,196.5
Umunneochi,Umunneochi,109.751
Demsa,Demsa,98.9451
Fufore,Fufore,88.1021
Ganye,Ganye,144.64
Girei,Girei,82.2471
Gombi,Gombi,84.5649
Guyuk,Guyuk,110.652
Hong,Hong,101.205
Jada,Jada,135.423
Lamurde,Lamurde,92.2121
Madagali,Madagali,92.6447
Maiha,Maiha,96.6624
Mayo-Belwa,Mayo-Belwa,105.694
Michika,Michika,131.99
Mubi-North,Mubi-North,100.701
Mubi-South,Mubi-South,109.774
Numan,Numan,109.911
Shelleng,Shelleng,86.7478
Song,Song,96.6453
Toungo,Toungo,93.3421
Yola-North,Yola-North,76.2525
Yola-South,Yola-South,102.757
Abak,Abak,127.773
Eastern Obolo,Eastern Obolo,101.538
Eket,Eket,95.504
Esit Eket,Esit Eket,112.002
Essien Udim,Essien Udim,95.8832
Etim Ekpo,Etim Ekpo,128.741
Etinan,Etinan,119.015
Ibeno,Ibeno,103.377
Ibesikpo Asutan,Ibesikpo Asutan,106.199
Ibiono Ibom,Ibiono Ibom,106.42
Ika,Ika,115.199
Ikono,Ikono,107.422
Ikot Abasi,Ikot Abasi,116.919
Ikot Ekpene,Ikot Ekpene,117.659
Ini,Ini,119
Itu,Itu,106.08
Mbo,Mbo,88.4377
Mkpat Enin,Mkpat Enin,125.279
Nsit Atai,Nsit Atai,86.8573
Nsit Ibom,Nsit Ibom,119.166
Nsit Ubium,Nsit Ubium,125.479
Obot Akara,Obot Akara,104.188
Okobo,Okobo,86.0319
Onna,Onna,83.9275
Oron,Oron,151.07
Oruk Anam,Oruk Anam,98.5722
Udung Uko,Udung Uko,123.329
Ukanafun,Ukanafun,113.823
Uruan,Uruan,191.75
Urue Offong/Oruko,Urue Offong/Oruko,128.65
Uyo,Uyo,110.897
Aguata,Aguata,91.3795
Anambra East,Anambra East,110.12
Anambra West,Anambra West,67.1287
Anaocha,Anaocha,63.577
Awka North,Awka North,107.919
Awka South,Awka South,94.8151
Ayamelum,Ayamelum,100.628
Dunukofia,Dunukofia,92.7267
Ekwusigo,Ekwusigo,93.8126
Idemili North,Idemili North,115.418
Idemili South,Idemili South,103.498
Ihiala,Ihiala,126.749
Njikoka,Njikoka,88.507
Nnewi North,Nnewi North,67.4841
Nnewi South,Nnewi South,83.0604
Ogbaru,Ogbaru,86.752
Onitsha North,Onitsha North,95.8745
Onitsha South,Onitsha South,86.4014
Orumba North,Orumba North,98.939
Orunma South,Orunma South,101.907
Oyi,Oyi,104.477
Alkaleri,Alkaleri,88.5855
Bauchi LG,Bauchi,100.472
Bogoro,Bogoro,55.4
Dambam,Dambam,90.3625
Darazo,Darazo,75.7069
Dass,Dass,81.3885
Gamawa,Gamawa,70.3027
Ganjuwa,Ganjuwa,55.43
Giade,Giade,85.0516
Itas Gadau,Itas Gadau,60.6916
Jama'are,Jama'are,62.2929
Katagum,Katagum,69.9332
Kirfi,Kirfi,80.1835
Misau,Misau,151.207
Ningi,Ningi,62.4913
Shira,Shira,142.05
T/Balewa,T/Balewa,78.0012
Toro,Toro,67.7146
Warji,Warji,109.374
Zaki,Zaki,64.0423
Brass,Brass,178.39
Ekeremor,Ekeremor,180.001
Kolokuma/Oporuma,Kolokuma/Oporuma,161.19
Nembe,Nembe,199.347
Ogbia,Ogbia,182.483
Sagbama,Sagbama,166.544
Southern Ijaw,Southern Ijaw,179.244
Yenagoa,Yenagoa,197.43
Ado,Ado,198.54
Agatu,Agatu,187.67
Apa,Apa,190.65
Buruku,Buruku,177.573
Gboko,Gboko,196.1
Guma,Guma,181.59
Gwer East,Gwer East,189.98
Gwer West,Gwer West,150.3
Katshina Ala,Katshina Ala,162.104
Konshisha,Konshisha,144.964
Kwande,Kwande,176.13
Logo,Logo,130.44
Makurdi,Makurdi,145.65
Obi B,Obi B,180.47
Ogbadigbo,Ogbadigbo,154.306
Ohimini,Ohimini,153.231
Oju,Oju,175.87
Okpokwu,Okpokwu,151.9
Otukpo,Otukpo,147.78
Tarka,Tarka,150.241
Ukum,Ukum,148.84
Ushango,Ushango,188.61
Vandeikaya,Vandeikaya,197.06
Abadam,Abadam,87.9636
Askira/Uba,Askira/Uba,77.8631
Bama,Bama,94.5663
Bayo,Bayo,80.8316
Biu,Biu,78.6298
Chibok,Chibok,77.4324
Damboa,Damboa,51.684
Dikwa,Dikwa,83.9651
Gubio,Gubio,113.931
Guzamala,Guzamala,56.7873
Gwoza,Gwoza,98.3643
Hawul,Hawul,58.4735
Jere,Jere,86.3417
Kaga,Kaga,76.4129
KalaBalge,KalaBalge,113.119
Konduga,Konduga,122.763
Kukawa,Kukawa,140.927
Kwaya Kussar,Kwaya Kussar,55.3
Mafa,Mafa,79.7605
Magumeri,Magumeri,67.3248
Maiduguri M.C.,Maiduguri M.C.,119.82
Marte,Marte,81.9242
Mobbar,Mobbar,96.8104
Monguno,Monguno,102.848
Ngala,Ngala,94.5487
Nganzai,Nganzai,95.4468
Shani,Shani,133.76
Abi,Abi,137.831
Akamkpa,Akamkpa,130.221
Akpabuyo,Akpabuyo,120.512
Bakasi,Bakasi,159.203
Bekwara,Bekwara,162.898
Biase,Biase,115.902
Boki,Boki,131.623
Calabar MC,Calabar MC,94.3393
Calabar South,Calabar South,127.146
Etung,Etung,86.7102
Ikom,Ikom,125.173
Obalinku,Obalinku,132.432
Obubra,Obubra,89.213
Obudu,Obudu,104.977
Odukpani,Odukpani,127.696
Ogoja,Ogoja,124.661
Yakurr,Yakurr,88.8346
Yala,Yala,111.145
Aniocha North,Aniocha North,76.599
Aniocha South,Aniocha South,55.75
Bomadi,Bomadi,67.3522
Burutu,Burutu,78.4296
Ethiope East,Ethiope East,73.6097
Ethiope West,Ethiope West,82.4013
Ika North East,Ika North East,160.382
Ika South,Ika South,146.71
Isoko North,Isoko North,125.562
Isoko South,Isoko South,80.0782
Ndokwa East,Ndokwa East,85.1727
Ndokwa West,Ndokwa West,82.4055
Okpe,Okpe,55.9
Oshimili North,Oshimili North,56.1
Oshimili South,Oshimili South,85.5552
Patani,Patani,89.0814
Sapele,Sapele,65.4364
Udu,Udu,141.701
Ugheli North,Ugheli North,110.554
Ugheli South,Ugheli South,55.2
Ukwuani,Ukwuani,52.4685
Uvwie,Uvwie,52.7838
Warri North,Warri North,83.8171
Warri South,Warri South,68.8637
Warri SouthWest,Warri SouthWest,60.2217
Abakiliki,Abakiliki,144.091
Afikpo North,Afikpo North,149.475
Afikpo South,Afikpo South,118.662
Ebonyi LG,Ebonyi,114.087
Ezza North,Ezza North,102.426
Ezza South,Ezza South,156.872
Ikwo,Ikwo,139.375
Ishielu,Ishielu,121.656
Ivo,Ivo,122.744
Izzi,Izzi,184.871
Ohaozara,Ohaozara,140.513
Ohaukwu,Ohaukwu,151.609
Onicha,Onicha,126.98
Akoko Edo,Akoko Edo,170.375
Egor,Egor,53.0676
Esan Central,Esan Central,56.4094
Esan North East,Esan North East,73.7815
Esan South East,Esan South East,70.1552
Esan West,Esan West,62.4711
Etsako Central,Etsako Central,107.915
Etsako East,Etsako East,102.62
Etsako West,Etsako West,111.69
Igueben,Igueben,101.703
Ikpoba Okha,Ikpoba Okha,78.384
Oredo     ,Oredo     ,123.574
Orhionmwon,Orhionmwon,79.3342
Ovia North East,Ovia North East,64.1516
Ovia South East,Ovia South East,160.677
Owan East,Owan East,95.6137
Owan West,Owan West,55.95
Uhunmwode,Uhunmwode,128.177
Ado Ekiti,Ado Ekiti,62.2196
Efon Alaaye,Efon Alaaye,138.088
Ekiti East,Ekiti East,86.7045
Ekiti South West,Ekiti South West,90.3771
Ekiti West,Ekiti West,74.8138
Emure,Emure,59.3609
Gbonyin ,Gbonyin ,72.5488
Ido/Osi,Ido/Osi,130.695
Ijero,Ijero,90.3694
Ikere,Ikere,72.5791
Ikole,Ikole,55.7155
Ilejemeje,Ilejemeje,64.5422
Irepodun/ Ifelodun,Irepodun/ Ifelodun,83.9441
Ise/Orun,Ise/Orun,67.8663
Moba,Moba,93.2097
Oye,Oye,59.5525
Aninri,Aninri,97.2062
Awgu,Awgu,138.977
Enugu East,Enugu East,141.777
Enugu North,Enugu North,149.517
Enugu South,Enugu South,149.66
Ezeagu,Ezeagu,178.89
Igbo Etiti,Igbo Etiti,124.654
Igbo Eze North,Igbo Eze North,94.0852
Igbo Eze South,Igbo Eze South,198.667
Isi Uzo,Isi Uzo,118.678
Nkanu East,Nkanu East,174.4
Nkanu West,Nkanu West,177
Nsukka,Nsukka,149.801
Oji River,Oji River,95.7883
Udenu,Udenu,102.454
Udi,Udi,93.3968
Uzo Uwani,Uzo Uwani,99.986
Akko,Akko,133.955
Balanga,Balanga,78.03
Billiri,Billiri,141.547
Dukku,Dukku,79.3853
Funakaye,Funakaye,119.222
GOMBE LG,GOMBE,189.813
Kaltungo,Kaltungo,124.961
Kwami,Kwami,66.5447
Nafada,Nafada,101.837
Shongom,Shongom,84.1114
Y/Deba,Y/Deba,136.736
Aboh Mbaise,Aboh Mbaise,71.5621
Ahiazu Mbaise,Ahiazu Mbaise,82.3928
Ehime Mbano,Ehime Mbano,55.2
Ezinihitte Mbaise,Ezinihitte Mbaise,60.826
Ideato North,Ideato North,98.0035
Ideato South,Ideato South,141.212
Ihitte Uboma,Ihitte Uboma,103.51
Ikeduru,Ikeduru,62.5166
Isiala Mbano,Isiala Mbano,115.405
Isu,Isu,95.6948
Mbiatoli,Mbiatoli,115.09
Ngor okoala,Ngor okoala,63.5279
Njaba,Njaba,55.76
Nkwerre,Nkwerre,80.6943
Nwangele,Nwangele,82.2287
Ogbowo,Ogbowo,50.4906
Oguta,Oguta,120.25
Ohaji Egbema,Ohaji Egbema,112.092
Okigwe,Okigwe,92.7471
Onuimo,Onuimo,81.436
Orlu,Orlu,83.4039
Orsu,Orsu,95.0658
Oru East,Oru East,61.7637
Oru West,Oru West,90.5493
Owerri  Municipal,Owerri  Municipal,92.4897
Owerri North,Owerri North,53.5779
Owerri West,Owerri West,71.0559
Auyo,Auyo,95.7441
Babura,Babura,68.7055
Birnin Kudu,Birnin Kudu,80.8334
Birniwa,Birniwa,97.7679
Buji,Buji,83.3201
Dutse,Dutse,87.3277
Gagarawa,Gagarawa,128.274
Garki,Garki,67.7717
Gumel,Gumel,89.6365
Guri,Guri,96.923
Gwaram,Gwaram,85.9303
Gwiwa,Gwiwa,120.728
Hadeja,Hadeja,55.6
Jahun,Jahun,56.6642
Kafin Hausa,Kafin Hausa,85.0829
Kaugama,Kaugama,76.9075
Kazaure,Kazaure,74.9928
Kirikasama,Kirikasama,55.67
Kiyawa,Kiyawa,101.064
Maigatari,Maigatari,93.9688
Malan Madori,Malan Madori,92.4896
Miga,Miga,66.435
Ringim,Ringim,121.537
Roni,Roni,86.047
Sule Tankarkar,Sule Tankarkar,141.003
Taura,Taura,73.5533
Yankwashi,Yankwashi,83.9384
Birnin Gwari,Birnin Gwari,158.583
Chikun,Chikun,55.68
Giwa,Giwa,101.341
Igabi,Igabi,118.503
Ikara,Ikara,123.493
Jaba,Jaba,107.004
Jama'a,Jama'a,126.207
Kachia,Kachia,124.139
Kaduna North,Kaduna North,123.431
Kaduna South,Kaduna South,131.233
Kagarko,Kagarko,145.59
Kajuru,Kajuru,75.0179
Kaura,Kaura,92.6136
Kauru,Kauru,86.8944
Kubau,Kubau,63.7097
Kudan,Kudan,174.62
Lere,Lere,70.5312
Makarfi,Makarfi,84.9546
Sabongari,Sabongari,121.828
Sanga,Sanga,129.098
Soba,Soba,89.6257
Zangon Kataf,Zangon Kataf,121.501
Zaria,Zaria,143.659
Ajingi,Ajingi,90.6562
Albasu,Albasu,105.053
Bagwai,Bagwai,65.67
Bebeji,Bebeji,83.1545
Bichi,Bichi,107.031
Bunkure,Bunkure,84.1912
Dala,Dala,164.809
Danbatta,Danbatta,87.899
Dawakin Kudu,Dawakin Kudu,129.48
Dawakin Tofa,Dawakin Tofa,129.094
Doguwa,Doguwa,135.059
Fagge,Fagge,105.318
Gabasawa,Gabasawa,93.3692
Garko,Garko,113.113
Garun Malam,Garun Malam,186.817
Gaya,Gaya,101.58
Gezawa,Gezawa,108.479
Gwale,Gwale,164.367
Gwarzo,Gwarzo,69.177
Kabo,Kabo,84.7177
Kano M.C.,Kano M.C.,116.74
Karaye,Karaye,93.2102
Kibiya,Kibiya,116.802
Kiru,Kiru,95.6873
Kumbotso,Kumbotso,117.75
Kunchi,Kunchi,150.98
Kura,Kura,89.9
Madobi,Madobi,119.44
Makoda,Makoda,117.81
Minjibir,Minjibir,123.48
Nassarawa,Nassarawa,126.632
Rano,Rano,116.873
Rimingado,Rimingado,172.064
Rogo,Rogo,96.0639
Shanono,Shanono,90.5482
Sumaila,Sumaila,106.49
Takai,Takai,88.4267
Tarauni,Tarauni,98.3609
Tofa,Tofa,97.6655
Tsanyawa,Tsanyawa,73.5798
Tudunwada,Tudunwada,120.108
Ungogo,Ungogo,92.3543
Warawa,Warawa,89.4209
Wudil,Wudil,113.591
Bakori,Bakori,137.264
Batagrawa,Batagrawa,134.331
Batsari,Batsari,147.271
Baure,Baure,124.447
Bindawa,Bindawa,148.36
Charanchi,Charanchi,110.941
Dan Dume,Dan Dume,139.556
Dan Musa,Dan Musa,145.942
Danja,Danja,128.903
Daura,Daura,144.176
Dutsi,Dutsi,150.762
Dutsinma,Dutsinma,150.13
Faskari,Faskari,128.332
Funtua,Funtua,140.065
Ingawa,Ingawa,84.8489
Jibia,Jibia,183.166
Kafur,Kafur,151.23
Kaita,Kaita,152.717
Kankara,Kankara,140.215
Kankia,Kankia,74.6801
Katsina LG,Katsina,139.874
Kurfi,Kurfi,123.352
Kusada,Kusada,125.13
Mai Aduwa,Mai Aduwa,117.094
Malumfashi,Malumfashi,137.558
Mani,Mani,85.5216
Mashi,Mashi,119.886
Matazu,Matazu,81.0869
Musawa,Musawa,123.463
Rimi,Rimi,100.867
Sabuwa,Sabuwa,153.347
Safana,Safana,142.082
Sandamu,Sandamu,137.921
Zango,Zango,115.626
Aleiru,Aleiru,124.778
Arewa,Arewa,158.028
Argungu,Argungu,101.082
Augie,Augie,92.3484
B/Kebbi,B/Kebbi,141.43
Bagudo,Bagudo,116.828
Bunza,Bunza,162.307
D/Wasagu,D/Wasagu,181.39
Dandi Kamba,Dandi Kamba,104.753
Fakai,Fakai,108.48
Gwandu,Gwandu,113.553
Jega,Jega,118.352
K/Besse,K/Besse,125.72
Kalgo,Kalgo,120.015
Maiyama,Maiyama,181.047
Ngaski,Ngaski,114.12
Sakaba,Sakaba,136.602
Shanga,Shanga,129.047
Suru,Suru,132.766
Yauri,Yauri,112.33
Zuru,Zuru,195.593
Adavi,Adavi,144.05
Ajaokuta,Ajaokuta,130.279
Ankpa,Ankpa,153.34
Bassa K,Bassa K,100.666
Dekina,Dekina,163.536
Ibaji,Ibaji,160.5
Idah,Idah,199.6
Igalamela-Odolu,Igalamela-Odolu,105.686
Ijumu,Ijumu,198.729
Kabba Bunu,Kabba Bunu,114.35
KOGI LG,KOGI,120.013
Lokoja,Lokoja,121.179
Mopa Muro,Mopa Muro,140.998
Ofu,Ofu,167.911
Ogori Magongo,Ogori Magongo,159.596
Okehi,Okehi,183.451
Okene,Okene,196.5
Olamaboro,Olamaboro,176.849
Omala,Omala,156.103
Yagba East,Yagba East,196.333
Yagba West,Yagba West,199.506
Asa,Asa,79.1129
Baruteun,Baruteun,64.4919
Edu,Edu,113.529
Ekiti LG,Ekiti,72.572
Ifelodun,Ifelodun,134.492
Ilorin East,Ilorin East,129.25
Ilorin South,Ilorin South,153.198
Ilorin West,Ilorin West,68.4893
Irepodun KW,Irepodun KW,55.8
Isin,Isin,53.2932
Kai ama,Kai ama,62.3969
Moro,Moro,55.755
Offa,Offa,160.388
Oke-ero,Oke-ero,81.3623
Oyun,Oyun,79.1745
Pategi,Pategi,88.0234
Agege,Agege,66.3717
Ajeromi/Ifelodun,Ajeromi/Ifelodun,55.9
Alimosho,Alimosho,55.08
Amuwo Odofin,Amuwo Odofin,55.25
Apapa,Apapa,53.4328
Badagry,Badagry,55.87
Epe,Epe,68.6865
Eti-osa,Eti-osa,123.45
Ibeju-Lekki,Ibeju-Lekki,55.65
Ifako/Ijaye,Ifako/Ijaye,76.2119
Ikeja,Ikeja,109.113
Ikorodu,Ikorodu,55.1
Kosofe,Kosofe,55.9
Lagos Island,Lagos Island,55.6
Lagos Mainland,Lagos Mainland,55.43
Mushin,Mushin,55.05
Ojo,Ojo,53.6468
Oshodi/Isolo,Oshodi/Isolo,55.77
Shomolu,Shomolu,55.45
Surulere L,Surulere L,61.1
Akwanga,Akwanga,154.677
Awe,Awe,171.587
Doma,Doma,163.256
Karu,Karu,176.028
Keana,Keana,169.919
Keffi,Keffi,160.549
Kokona,Kokona,161.039
Lafia,Lafia,175.192
NASARAWA LG,NASARAWA,170.618
Nasarawa Eggon,Nasarawa Eggon,160.892
Obi N,Obi N,172.588
Toto,Toto,171.163
Wamba,Wamba,168.279
Agaie,Agaie,94.1546
Agwara,Agwara,103.337
Bida,Bida,107.962
Borgu,Borgu,96.3407
Bosso,Bosso,81.0819
Chanchaga,Chanchaga,98.838
Edati,Edati,104.971
Gbako,Gbako,102.445
Gurara,Gurara,95.7822
Katcha,Katcha,82.8073
Kontagora,Kontagora,96.4969
Lapai,Lapai,80.2876
Lavun,Lavun,86.8478
Magama,Magama,98.6496
Mariga,Mariga,110.353
Mashegu,Mashegu,101.329
Mokwa,Mokwa,98.8266
Muya,Muya,74.2853
Paikoro,Paikoro,86.9383
Rafi,Rafi,124.38
Rijau,Rijau,104.251
Shiroro,Shiroro,97.6377
Suleja,Suleja,60.44
Tafa,Tafa,87.239
Wushishi,Wushishi,90.7683
Abeokuta North,Abeokuta North,65.78
Abeokuta South,Abeokuta South,60.396
Ado-Odo/Ota,Ado-Odo/Ota,57.1
Egbado (yewa) North,Egbado (yewa) North,80.9309
Egbado(yewa) South,Egbado(yewa) South,55.35
Ewekoro,Ewekoro,55.1
Ifo,Ifo,55.9
Ijebu East,Ijebu East,80.6253
Ijebu North,Ijebu North,60.3
Ijebu North-East,Ijebu North-East,91.1585
Ijebu Ode,Ijebu Ode,90.3959
Ikenne,Ikenne,55.76
Imeko Afon,Imeko Afon,55.56
Ipokia,Ipokia,55.98
Obafemi  Owode,Obafemi  Owode,55.64
Odedah,Odedah,76.1561
Odogbolu,Odogbolu,55.31
Ogun Water side,Ogun Water side,85.6437
Remo North,Remo North,55.48
Shagamu,Shagamu,55.0631
Akoko North East,Akoko North East,143.712
Akoko North West,Akoko North West,109.787
Akoko South West,Akoko South West,97.499
Akoko South East,Akoko South East,96.0787
Akure North,Akure North,55.4277
Akure South,Akure South,92.216
Ese-Edo,Ese-Edo,85.397
Idanre,Idanre,56.8607
Ifedore,Ifedore,85.7799
Ilaje,Ilaje,55.42
Ile-Oluji Okeigbo ,Ile-Oluji Okeigbo ,52.5234
Irele,Irele,68.1934
Odigbo,Odigbo,73.1565
Okitipupa,Okitipupa,82.7221
Ondo East,Ondo East,54.9401
Ondo West,Ondo West,72.7925
Ose,Ose,104.422
Owo,Owo,160.833
Aiye daade,Aiye daade,64.5871
Aiye dire,Aiye dire,129.913
Atakumosa East,Atakumosa East,55.76
Atakumosa West,Atakumosa West,55.32
Boluwa Duro,Boluwa Duro,109.547
Boripe,Boripe,78.8261
Ede North,Ede North,53.7068
Ede South,Ede South,71.7516
Egbe Dore,Egbe Dore,55.91
Ejigbo,Ejigbo,55.68
Ife Central,Ife Central,55.09
Ife Dayo,Ife Dayo,62.1163
Ife East,Ife East,146.226
Ife Lodun,Ife Lodun,99.1566
Ife North,Ife North,171.585
Ife South,Ife South,61.5222
Ila,Ila,105.512
Ilesha East,Ilesha East,55.78
Ilesha West,Ilesha West,106.314
Irepodun OS,Irepodun OS,71.7538
Irewole,Irewole,90.7888
Isokan,Isokan,73.5278
Iwo,Iwo,75.8255
Obokun,Obokun,56.2475
Odo Otin,Odo Otin,78.872
Olaoluwa,Olaoluwa,54.2361
Olorunda,Olorunda,124.589
Oriade,Oriade,54.9013
Orolu,Orolu,95.3899
Osogbo,Osogbo,82.3821
Afijio,Afijio,55.35
Akinyele,Akinyele,55.89
Atiba,Atiba,56.1
Atisbo,Atisbo,175.506
Egbeda,Egbeda,54.89
Ibadan N.E,Ibadan N.E,56.2
Ibadan N.W,Ibadan N.W,54.98
Ibadan North,Ibadan North,56.03
Ibadan S. E.,Ibadan S. E.,55.2
Ibadan S.W,Ibadan S.W,55.98
Ibarapa Central,Ibarapa Central,61.1524
Ibarapa East,Ibarapa East,56.4
Ibarapa North,Ibarapa North,65.935
Ido,Ido,57.1
Irepo,Irepo,56.0331
Iseyin,Iseyin,55.8
Itesiwaju,Itesiwaju,147.287
Iwajowa,Iwajowa,60.6818
Kajola,Kajola,85.6932
Lagelu,Lagelu,98.3382
Ogbomoso North,Ogbomoso North,52.1039
Ogbomoso South,Ogbomoso South,104.734
Ogo-Oluwa,Ogo-Oluwa,94.8948
Olorunsogo,Olorunsogo,72.4064
Oluyole,Oluyole,55.3
Ona-Ara,Ona-Ara,72.3671
Orelope,Orelope,64.7415
Ori ire,Ori ire,62.9673
Oyo East,Oyo East,89.4459
Oyo West,Oyo West,55.12
Saki East,Saki East,75.2455
Saki West,Saki West,56.8521
Surulere O,Surulere O,94.0739
Barkin Ladi,Barkin Ladi,187.087
Bassa P,Bassa P,143.026
Bokkos,Bokkos,178.357
Jos East,Jos East,109.198
Jos North,Jos North,151.416
Jos South,Jos South,157.12
Kanam,Kanam,136.968
Kanke,Kanke,192.3
Langtang North,Langtang North,172.86
Langtang South,Langtang South,171.57
Mangu,Mangu,161.041
Mikang,Mikang,157.507
Pankshin,Pankshin,166.348
Quan-pan,Quan-pan,142.034
Riyom,Riyom,131.57
Shendam,Shendam,151.11
Wase,Wase,170.09
Abua/Odual,Abua/Odual,121.268
Ahoada East,Ahoada East,51.218
Ahoada West,Ahoada West,99.2948
Akukutoru,Akukutoru,98.0877
Andoni,Andoni,129.215
Asari-Toru,Asari-Toru,82.1625
Bonny,Bonny,76.1865
Degema,Degema,76.3695
Eleme,Eleme,139.083
Emuoha,Emuoha,108.102
Etche,Etche,137.148
Gonaka,Gonaka,95.309
Ikwerre,Ikwerre,104.533
Khana,Khana,71.037
Obia/Akpor,Obia/Akpor,94.6944
Ogba/Egbema/Ndoni,Ogba/Egbema/Ndoni,94.0016
Ogu/Bolo,Ogu/Bolo,135.929
Okrika,Okrika,69.8995
Omumma,Omumma,83.9765
Opobo/Nkoro,Opobo/Nkoro,81.1734
Oyigbo,Oyigbo,121.036
Port Harcourt,Port Harcourt,120.387
Tai,Tai,191.545
Binji,Binji,161.278
Bodinga,Bodinga,137.563
Dange Shuni,Dange Shuni,172.164
Gada,Gada,147.274
Goronyo,Goronyo,148.011
Gudu,Gudu,128.025
Gwadabawa,Gwadabawa,163.041
Illela,Illela,113.781
Isa,Isa,175.02
Kebbe,Kebbe,127.503
Kware,Kware,159.405
Rabah,Rabah,156.376
Sabon Birni,Sabon Birni,130.052
Shagari,Shagari,196.486
Silame,Silame,198.25
Sokoto North,Sokoto North,101.604
Sokoto South,Sokoto South,159.283
Tambuwal,Tambuwal,126.155
Tangaza,Tangaza,182.598
Tureta,Tureta,176.558
Wammako,Wammako,121.927
Wurno,Wurno,107.111
yabo,yabo,125.763
Ardo-Kola,Ardo-Kola,108.696
Bali,Bali,106.133
Donga,Donga,95.093
Gashaka,Gashaka,112.318
Gassol,Gassol,91.6042
Ibbi,Ibbi,99.6206
jalingo,jalingo,105.838
Karim-Lamido,Karim-Lamido,94.8557
Kurmi,Kurmi,63.6425
Lau,Lau,108.731
Sardauna,Sardauna,102.928
Takum,Takum,117.95
Ussa,Ussa,120.992
Wukari,Wukari,89.2425
Yorro,Yorro,113.93
Zing,Zing,143.678
Bade,Bade,163.901
Bursari,Bursari,159.163
Damaturu,Damaturu,110.25
Fika,Fika,138.426
Fune,Fune,102.3
Geidam,Geidam,141.557
Gujba,Gujba,154.717
Gulani,Gulani,146.274
Jakusko,Jakusko,121.69
Karasuwa,Karasuwa,116.945
Machina,Machina,183.46
Nangere,Nangere,173.507
Nguru,Nguru,159.067
Potiskum,Potiskum,137.662
Tarmuwa,Tarmuwa,120.205
Yunusari,Yunusari,123.23
Yusufari,Yusufari,143.08
Anka,Anka,80.8791
B/Magaji,B/Magaji,158.35
Bakura,Bakura,75.6417
Bukkuyum,Bukkuyum,90.211
Bungudu,Bungudu,162.77
Gummi,Gummi,85.6469
Gusau,Gusau,121.034
Kaura Namoda,Kaura Namoda,103.721
Maradun,Maradun,89.59
Maru,Maru,87.5473
Shinkafi,Shinkafi,152.637
Talata Mafara,Talata Mafara,88.6167
Tsafe,Tsafe,79.673
Zurmi,Zurmi,78.9812
Abaji,Abaji,144.414
Abuja Municipal,Abuja Municipal,169.854
Bwari,Bwari,184.221
Gwagwalada,Gwagwalada,122.339
Kuje,Kuje,162.229
Kwali,Kwali,164.721
