BeneficiaryId,BeneficiaryName,Value
Aba North,Aba North,107488
Aba South,Aba South,423852
Arochukwu,Arochukwu,170206
Bende,Bende,192111
Ikwuano,Ikwuano,137993
Isiala Ngwa North,Isiala Ngwa North,153734
Isiala Ngwa South,Isiala Ngwa South,134762
Isikwato,Isikwato,114442
Obi Ngwa,Obi Ngwa,181439
Ohafia,Ohafia,245144
Osisioma Ngwa,Osisioma Ngwa,219632
Ugwunagbo,Ugwunagbo,82618
Ukwu East,Ukwu East,58865
Ukwu West,Ukwu West,88555
Umuahia North,Umuahia North,220660
Umuahia South,Umuahia South,138570
Umunneochi,Umunneochi,163928
Demsa,Demsa,180251
Fufore,Fufore,207287
Ganye,Ganye,164087
Girei,Girei,129995
Gombi,Gombi,146429
Guyuk,Guyuk,177785
Hong,Hong,169126
Jada,Jada,168473
Lamurde,Lamurde,112803
Madagali,Madagali,134827
Maiha,Maiha,111215
Mayo-Belwa,Mayo-Belwa,153129
Michika,Michika,155302
Mubi-North,Mubi-North,151072
Mubi-South,Mubi-South,128937
Numan,Numan,90723
Shelleng,Shelleng,149069
Song,Song,192697
Toungo,Toungo,52040
Yola-North,Yola-North,198247
Yola-South,Yola-South,194607
Abak,Abak,139090
Eastern Obolo,Eastern Obolo,60543
Eket,Eket,172557
Esit Eket,Esit Eket,63701
Essien Udim,Essien Udim,192668
Etim Ekpo,Etim Ekpo,105418
Etinan,Etinan,169284
Ibeno,Ibeno,75380
Ibesikpo Asutan,Ibesikpo Asutan,137101
Ibiono Ibom,Ibiono Ibom,189640
Ika,Ika,72939
Ikono,Ikono,131904
Ikot Abasi,Ikot Abasi,132023
Ikot Ekpene,Ikot Ekpene,143077
Ini,Ini,99196
Itu,Itu,127033
Mbo,Mbo,104012
Mkpat Enin,Mkpat Enin,178036
Nsit Atai,Nsit Atai,74595
Nsit Ibom,Nsit Ibom,108611
Nsit Ubium,Nsit Ubium,128231
Obot Akara,Obot Akara,148281
Okobo,Okobo,104057
Onna,Onna,123373
Oron,Oron,87461
Oruk Anam,Oruk Anam,172654
Udung Uko,Udung Uko,53278
Ukanafun,Ukanafun,127033
Uruan,Uruan,118300
Urue Offong/Oruko,Urue Offong/Oruko,71159
Uyo,Uyo,309573
Aguata,Aguata,370172
Anambra East,Anambra East,153331
Anambra West,Anambra West,167416
Anaocha,Anaocha,285002
Awka North,Awka North,112608
Awka South,Awka South,189049
Ayamelum,Ayamelum,158410
Dunukofia,Dunukofia,96382
Ekwusigo,Ekwusigo,158231
Idemili North,Idemili North,430783
Idemili South,Idemili South,207683
Ihiala,Ihiala,302158
Njikoka,Njikoka,148465
Nnewi North,Nnewi North,157569
Nnewi South,Nnewi South,233658
Ogbaru,Ogbaru,221879
Onitsha North,Onitsha North,124942
Onitsha South,Onitsha South,136662
Orumba North,Orumba North,172405
Orunma South,Orunma South,187198
Oyi,Oyi,168029
Alkaleri,Alkaleri,329424
Bauchi LG,Bauchi,493810
Bogoro,Bogoro,84215
Dambam,Dambam,150922
Darazo,Darazo,251597
Dass,Dass,89943
Gamawa,Gamawa,286388
Ganjuwa,Ganjuwa,250468
Giade,Giade,156969
Itas Gadau,Itas Gadau,229996
Jama'are,Jama'are,117883
Katagum,Katagum,295970
Kirfi,Kirfi,147618
Misau,Misau,263487
Ningi,Ningi,387192
Shira,Shira,234014
T/Balewa,T/Balewa,219988
Toro,Toro,350404
Warji,Warji,114720
Zaki,Zaki,191457
Brass,Brass,185049
Ekeremor,Ekeremor,270257
Kolokuma/Oporuma,Kolokuma/Oporuma,77292
Nembe,Nembe,130931
Ogbia,Ogbia,179926
Sagbama,Sagbama,187146
Southern Ijaw,Southern Ijaw,319413
Yenagoa,Yenagoa,353344
Ado,Ado,178882
Agatu,Agatu,115523
Apa,Apa,96765
Buruku,Buruku,203721
Gboko,Gboko,358936
Guma,Guma,191599
Gwer East,Gwer East,163647
Gwer West,Gwer West,122145
Katshina Ala,Katshina Ala,224718
Konshisha,Konshisha,225672
Kwande,Kwande,248697
Logo,Logo,169063
Makurdi,Makurdi,297398
Obi B,Obi B,98855
Ogbadigbo,Ogbadigbo,128707
Ohimini,Ohimini,71482
Oju,Oju,170236
Okpokwu,Okpokwu,176647
Otukpo,Otukpo,261666
Tarka,Tarka,79494
Ukum,Ukum,216930
Ushango,Ushango,188341
Vandeikaya,Vandeikaya,230120
Abadam,Abadam,100180
Askira/Uba,Askira/Uba,138091
Bama,Bama,269986
Bayo,Bayo,78978
Biu,Biu,176072
Chibok,Chibok,66105
Damboa,Damboa,231573
Dikwa,Dikwa,105909
Gubio,Gubio,152778
Guzamala,Guzamala,95648
Gwoza,Gwoza,276312
Hawul,Hawul,120314
Jere,Jere,211204
Kaga,Kaga,90015
KalaBalge,KalaBalge,60797
Konduga,Konduga,156564
Kukawa,Kukawa,203864
Kwaya Kussar,Kwaya Kussar,56500
Mafa,Mafa,103518
Magumeri,Magumeri,140231
Maiduguri M.C.,Maiduguri M.C.,521492
Marte,Marte,129370
Mobbar,Mobbar,116654
Monguno,Monguno,109851
Ngala,Ngala,237071
Nganzai,Nganzai,99799
Shani,Shani,102317
Abi,Abi,144802
Akamkpa,Akamkpa,151125
Akpabuyo,Akpabuyo,271395
Bakasi,Bakasi,32385
Bekwara,Bekwara,105822
Biase,Biase,169183
Boki,Boki,186141
Calabar MC,Calabar MC,179392
Calabar South,Calabar South,191630
Etung,Etung,80196
Ikom,Ikom,162383
Obalinku,Obalinku,110324
Obubra,Obubra,172444
Obudu,Obudu,160106
Odukpani,Odukpani,192444
Ogoja,Ogoja,171901
Yakurr,Yakurr,196450
Yala,Yala,210843
Aniocha North,Aniocha North,104711
Aniocha South,Aniocha South,140604
Bomadi,Bomadi,86644
Burutu,Burutu,209666
Ethiope East,Ethiope East,200792
Ethiope West,Ethiope West,203592
Ika North East,Ika North East,183657
Ika South,Ika South,162594
Isoko North,Isoko North,144155
Isoko South,Isoko South,227712
Ndokwa East,Ndokwa East,103171
Ndokwa West,Ndokwa West,149325
Okpe,Okpe,130029
Oshimili North,Oshimili North,115316
Oshimili South,Oshimili South,149603
Patani,Patani,67707
Sapele,Sapele,171888
Udu,Udu,143361
Ugheli North,Ugheli North,321028
Ugheli South,Ugheli South,213576
Ukwuani,Ukwuani,120390
Uvwie,Uvwie,191472
Warri North,Warri North,137300
Warri South,Warri South,303417
Warri SouthWest,Warri SouthWest,116681
Abakiliki,Abakiliki,151723
Afikpo North,Afikpo North,156611
Afikpo South,Afikpo South,157072
Ebonyi LG,Ebonyi,126837
Ezza North,Ezza North,145619
Ezza South,Ezza South,133205
Ikwo,Ikwo,214604
Ishielu,Ishielu,151048
Ivo,Ivo,120919
Izzi,Izzi,234072
Ohaozara,Ohaozara,148626
Ohaukwu,Ohaukwu,196337
Onicha,Onicha,236828
Akoko Edo,Akoko Edo,262110
Egor,Egor,339899
Esan Central,Esan Central,105310
Esan North East,Esan North East,119346
Esan South East,Esan South East,167721
Esan West,Esan West,125842
Etsako Central,Etsako Central,94575
Etsako East,Etsako East,145996
Etsako West,Etsako West,197609
Igueben,Igueben,69639
Ikpoba Okha,Ikpoba Okha,371106
Oredo     ,Oredo     ,374671
Orhionmwon,Orhionmwon,182717
Ovia North East,Ovia North East,153849
Ovia South East,Ovia South East,135356
Owan East,Owan East,154385
Owan West,Owan West,97388
Uhunmwode,Uhunmwode,120813
Ado Ekiti,Ado Ekiti,308621
Efon Alaaye,Efon Alaaye,86941
Ekiti East,Ekiti East,137955
Ekiti South West,Ekiti South West,165277
Ekiti West,Ekiti West,179892
Emure,Emure,93884
Gbonyin ,Gbonyin ,148193
Ido/Osi,Ido/Osi,159114
Ijero,Ijero,221405
Ikere,Ikere,147355
Ikole,Ikole,168436
Ilejemeje,Ilejemeje,43530
Irepodun/ Ifelodun,Irepodun/ Ifelodun,129149
Ise/Orun,Ise/Orun,113754
Moba,Moba,146496
Oye,Oye,134210
Aninri,Aninri,133723
Awgu,Awgu,198134
Enugu East,Enugu East,279089
Enugu North,Enugu North,244852
Enugu South,Enugu South,198723
Ezeagu,Ezeagu,169718
Igbo Etiti,Igbo Etiti,209248
Igbo Eze North,Igbo Eze North,259431
Igbo Eze South,Igbo Eze South,147328
Isi Uzo,Isi Uzo,148415
Nkanu East,Nkanu East,148774
Nkanu West,Nkanu West,146695
Nsukka,Nsukka,309633
Oji River,Oji River,126587
Udenu,Udenu,178466
Udi,Udi,234002
Uzo Uwani,Uzo Uwani,124480
Akko,Akko,337853
Balanga,Balanga,212549
Billiri,Billiri,202144
Dukku,Dukku,207190
Funakaye,Funakaye,236087
GOMBE LG,GOMBE,268000
Kaltungo,Kaltungo,149805
Kwami,Kwami,195298
Nafada,Nafada,138185
Shongom,Shongom,151520
Y/Deba,Y/Deba,255248
Aboh Mbaise,Aboh Mbaise,195652
Ahiazu Mbaise,Ahiazu Mbaise,170902
Ehime Mbano,Ehime Mbano,130931
Ezinihitte Mbaise,Ezinihitte Mbaise,165593
Ideato North,Ideato North,158406
Ideato South,Ideato South,159879
Ihitte Uboma,Ihitte Uboma,120744
Ikeduru,Ikeduru,149316
Isiala Mbano,Isiala Mbano,198736
Isu,Isu,164468
Mbiatoli,Mbiatoli,237555
Ngor okoala,Ngor okoala,159932
Njaba,Njaba,145110
Nkwerre,Nkwerre,80152
Nwangele,Nwangele,128472
Ogbowo,Ogbowo,118114
Oguta,Oguta,143008
Ohaji Egbema,Ohaji Egbema,182538
Okigwe,Okigwe,132237
Onuimo,Onuimo,99247
Orlu,Orlu,142717
Orsu,Orsu,120003
Oru East,Oru East,111822
Oru West,Oru West,117492
Owerri  Municipal,Owerri  Municipal,127213
Owerri North,Owerri North,175395
Owerri West,Owerri West,99265
Auyo,Auyo,132001
Babura,Babura,208101
Birnin Kudu,Birnin Kudu,313373
Birniwa,Birniwa,142329
Buji,Buji,97371
Dutse,Dutse,246143
Gagarawa,Gagarawa,80394
Garki,Garki,152233
Gumel,Gumel,107161
Guri,Guri,115018
Gwaram,Gwaram,272582
Gwiwa,Gwiwa,124517
Hadeja,Hadeja,105628
Jahun,Jahun,229094
Kafin Hausa,Kafin Hausa,271058
Kaugama,Kaugama,127956
Kazaure,Kazaure,161494
Kirikasama,Kirikasama,191523
Kiyawa,Kiyawa,172913
Maigatari,Maigatari,179715
Malan Madori,Malan Madori,161413
Miga,Miga,128424
Ringim,Ringim,192024
Roni,Roni,77819
Sule Tankarkar,Sule Tankarkar,130849
Taura,Taura,131757
Yankwashi,Yankwashi,95759
Birnin Gwari,Birnin Gwari,252363
Chikun,Chikun,368250
Giwa,Giwa,286427
Igabi,Igabi,430229
Ikara,Ikara,193926
Jaba,Jaba,155377
Jama'a,Jama'a,278735
Kachia,Kachia,244274
Kaduna North,Kaduna North,357694
Kaduna South,Kaduna South,402390
Kagarko,Kagarko,240943
Kajuru,Kajuru,110868
Kaura,Kaura,222579
Kauru,Kauru,170008
Kubau,Kubau,282045
Kudan,Kudan,138992
Lere,Lere,331161
Makarfi,Makarfi,146259
Sabongari,Sabongari,286871
Sanga,Sanga,149333
Soba,Soba,293270
Zangon Kataf,Zangon Kataf,316370
Zaria,Zaria,408198
Ajingi,Ajingi,174137
Albasu,Albasu,190153
Bagwai,Bagwai,162847
Bebeji,Bebeji,188859
Bichi,Bichi,277099
Bunkure,Bunkure,170891
Dala,Dala,418777
Danbatta,Danbatta,207968
Dawakin Kudu,Dawakin Kudu,225389
Dawakin Tofa,Dawakin Tofa,247875
Doguwa,Doguwa,151181
Fagge,Fagge,198828
Gabasawa,Gabasawa,211055
Garko,Garko,162500
Garun Malam,Garun Malam,116494
Gaya,Gaya,201016
Gezawa,Gezawa,282069
Gwale,Gwale,362059
Gwarzo,Gwarzo,183987
Kabo,Kabo,153828
Kano M.C.,Kano M.C.,365525
Karaye,Karaye,141407
Kibiya,Kibiya,136736
Kiru,Kiru,264781
Kumbotso,Kumbotso,295979
Kunchi,Kunchi,111018
Kura,Kura,144601
Madobi,Madobi,136623
Makoda,Makoda,222399
Minjibir,Minjibir,213794
Nassarawa,Nassarawa,596669
Rano,Rano,145439
Rimingado,Rimingado,104790
Rogo,Rogo,227742
Shanono,Shanono,140607
Sumaila,Sumaila,253661
Takai,Takai,202743
Tarauni,Tarauni,221367
Tofa,Tofa,97734
Tsanyawa,Tsanyawa,157680
Tudunwada,Tudunwada,231742
Ungogo,Ungogo,369657
Warawa,Warawa,128787
Wudil,Wudil,185189
Bakori,Bakori,149371
Batagrawa,Batagrawa,184575
Batsari,Batsari,208978
Baure,Baure,197425
Bindawa,Bindawa,152356
Charanchi,Charanchi,137613
Dan Dume,Dan Dume,145739
Dan Musa,Dan Musa,113691
Danja,Danja,125703
Daura,Daura,219721
Dutsi,Dutsi,120023
Dutsinma,Dutsinma,169671
Faskari,Faskari,196035
Funtua,Funtua,225571
Ingawa,Ingawa,169753
Jibia,Jibia,169748
Kafur,Kafur,202884
Kaita,Kaita,184401
Kankara,Kankara,245739
Kankia,Kankia,151434
Katsina LG,Katsina,318459
Kurfi,Kurfi,117581
Kusada,Kusada,99267
Mai Aduwa,Mai Aduwa,201178
Malumfashi,Malumfashi,182920
Mani,Mani,176966
Mashi,Mashi,173134
Matazu,Matazu,115325
Musawa,Musawa,171714
Rimi,Rimi,153744
Sabuwa,Sabuwa,136050
Safana,Safana,183779
Sandamu,Sandamu,137287
Zango,Zango,154743
Aleiru,Aleiru,65973
Arewa,Arewa,184030
Argungu,Argungu,195484
Augie,Augie,117287
B/Kebbi,B/Kebbi,268420
Bagudo,Bagudo,237817
Bunza,Bunza,121461
D/Wasagu,D/Wasagu,265203
Dandi Kamba,Dandi Kamba,144273
Fakai,Fakai,121212
Gwandu,Gwandu,151019
Jega,Jega,193352
K/Besse,K/Besse,154605
Kalgo,Kalgo,85403
Maiyama,Maiyama,175686
Ngaski,Ngaski,124766
Sakaba,Sakaba,89937
Shanga,Shanga,127146
Suru,Suru,150230
Yauri,Yauri,99777
Zuru,Zuru,165547
Adavi,Adavi,202194
Ajaokuta,Ajaokuta,122321
Ankpa,Ankpa,267353
Bassa K,Bassa K,139993
Dekina,Dekina,260312
Ibaji,Ibaji,128129
Idah,Idah,79815
Igalamela-Odolu,Igalamela-Odolu,148020
Ijumu,Ijumu,119929
Kabba Bunu,Kabba Bunu,145446
KOGI LG,KOGI,115900
Lokoja,Lokoja,195261
Mopa Muro,Mopa Muro,44037
Ofu,Ofu,192169
Ogori Magongo,Ogori Magongo,39622
Okehi,Okehi,199999
Okene,Okene,320260
Olamaboro,Olamaboro,160152
Omala,Omala,108402
Yagba East,Yagba East,149023
Yagba West,Yagba West,140150
Asa,Asa,126435
Baruteun,Baruteun,209459
Edu,Edu,201469
Ekiti LG,Ekiti,54850
Ifelodun,Ifelodun,206042
Ilorin East,Ilorin East,204310
Ilorin South,Ilorin South,208691
Ilorin West,Ilorin West,364666
Irepodun KW,Irepodun KW,148610
Isin,Isin,59738
Kai ama,Kai ama,124164
Moro,Moro,108792
Offa,Offa,89674
Oke-ero,Oke-ero,57619
Oyun,Oyun,94253
Pategi,Pategi,112317
Agege,Agege,459939
Ajeromi/Ifelodun,Ajeromi/Ifelodun,684105
Alimosho,Alimosho,1277710
Amuwo Odofin,Amuwo Odofin,318166
Apapa,Apapa,217362
Badagry,Badagry,241093
Epe,Epe,181409
Eti-osa,Eti-osa,287785
Ibeju-Lekki,Ibeju-Lekki,117481
Ifako/Ijaye,Ifako/Ijaye,427878
Ikeja,Ikeja,313196
Ikorodu,Ikorodu,535619
Kosofe,Kosofe,665393
Lagos Island,Lagos Island,209437
Lagos Mainland,Lagos Mainland,317720
Mushin,Mushin,633009
Ojo,Ojo,598071
Oshodi/Isolo,Oshodi/Isolo,621509
Shomolu,Shomolu,402673
Surulere L,Surulere L,503975
Akwanga,Akwanga,113430
Awe,Awe,112574
Doma,Doma,139607
Karu,Karu,205477
Keana,Keana,79253
Keffi,Keffi,92664
Kokona,Kokona,109749
Lafia,Lafia,330712
NASARAWA LG,NASARAWA,189835
Nasarawa Eggon,Nasarawa Eggon,149129
Obi N,Obi N,148874
Toto,Toto,119077
Wamba,Wamba,72894
Agaie,Agaie,132907
Agwara,Agwara,57413
Bida,Bida,188181
Borgu,Borgu,171965
Bosso,Bosso,147359
Chanchaga,Chanchaga,201429
Edati,Edati,160321
Gbako,Gbako,127466
Gurara,Gurara,90974
Katcha,Katcha,122176
Kontagora,Kontagora,151944
Lapai,Lapai,110127
Lavun,Lavun,209917
Magama,Magama,181653
Mariga,Mariga,199430
Mashegu,Mashegu,215022
Mokwa,Mokwa,244937
Muya,Muya,103651
Paikoro,Paikoro,158086
Rafi,Rafi,181929
Rijau,Rijau,176053
Shiroro,Shiroro,235404
Suleja,Suleja,216578
Tafa,Tafa,83544
Wushishi,Wushishi,81783
Abeokuta North,Abeokuta North,201329
Abeokuta South,Abeokuta South,250278
Ado-Odo/Ota,Ado-Odo/Ota,526565
Egbado (yewa) North,Egbado (yewa) North,181826
Egbado(yewa) South,Egbado(yewa) South,168850
Ewekoro,Ewekoro,55156
Ifo,Ifo,524837
Ijebu East,Ijebu East,110196
Ijebu North,Ijebu North,284336
Ijebu North-East,Ijebu North-East,67634
Ijebu Ode,Ijebu Ode,154032
Ikenne,Ikenne,118735
Imeko Afon,Imeko Afon,82217
Ipokia,Ipokia,150426
Obafemi  Owode,Obafemi  Owode,228851
Odedah,Odedah,109449
Odogbolu,Odogbolu,127123
Ogun Water side,Ogun Water side,72935
Remo North,Remo North,59911
Shagamu,Shagamu,253412
Akoko North East,Akoko North East,175409
Akoko North West,Akoko North West,213792
Akoko South West,Akoko South West,229486
Akoko South East,Akoko South East,82426
Akure North,Akure North,131587
Akure South,Akure South,353211
Ese-Edo,Ese-Edo,154978
Idanre,Idanre,129024
Ifedore,Ifedore,176327
Ilaje,Ilaje,290615
Ile-Oluji Okeigbo ,Ile-Oluji Okeigbo ,172870
Irele,Irele,145166
Odigbo,Odigbo,230351
Okitipupa,Okitipupa,233565
Ondo East,Ondo East,74758
Ondo West,Ondo West,283672
Ose,Ose,144901
Owo,Owo,218886
Aiye daade,Aiye daade,150392
Aiye dire,Aiye dire,75846
Atakumosa East,Atakumosa East,76197
Atakumosa West,Atakumosa West,68643
Boluwa Duro,Boluwa Duro,70775
Boripe,Boripe,139358
Ede North,Ede North,83831
Ede South,Ede South,76035
Egbe Dore,Egbe Dore,74435
Ejigbo,Ejigbo,132641
Ife Central,Ife Central,167254
Ife Dayo,Ife Dayo,37058
Ife East,Ife East,188087
Ife Lodun,Ife Lodun,96748
Ife North,Ife North,153694
Ife South,Ife South,135338
Ila,Ila,62049
Ilesha East,Ilesha East,106586
Ilesha West,Ilesha West,103555
Irepodun OS,Irepodun OS,119497
Irewole,Irewole,143599
Isokan,Isokan,103177
Iwo,Iwo,191377
Obokun,Obokun,116511
Odo Otin,Odo Otin,134110
Olaoluwa,Olaoluwa,76593
Olorunda,Olorunda,131761
Oriade,Oriade,148617
Orolu,Orolu,103077
Osogbo,Osogbo,156694
Afijio,Afijio,134173
Akinyele,Akinyele,211359
Atiba,Atiba,169702
Atisbo,Atisbo,110792
Egbeda,Egbeda,281573
Ibadan N.E,Ibadan N.E,330399
Ibadan N.W,Ibadan N.W,152834
Ibadan North,Ibadan North,306795
Ibadan S. E.,Ibadan S. E.,266046
Ibadan S.W,Ibadan S.W,282585
Ibarapa Central,Ibarapa Central,102979
Ibarapa East,Ibarapa East,118226
Ibarapa North,Ibarapa North,101092
Ido,Ido,103261
Irepo,Irepo,122553
Iseyin,Iseyin,256926
Itesiwaju,Itesiwaju,128652
Iwajowa,Iwajowa,102980
Kajola,Kajola,200997
Lagelu,Lagelu,147957
Ogbomoso North,Ogbomoso North,198720
Ogbomoso South,Ogbomoso South,100815
Ogo-Oluwa,Ogo-Oluwa,65184
Olorunsogo,Olorunsogo,81759
Oluyole,Oluyole,202725
Ona-Ara,Ona-Ara,265059
Orelope,Orelope,104441
Ori ire,Ori ire,150628
Oyo East,Oyo East,123846
Oyo West,Oyo West,136236
Saki East,Saki East,110223
Saki West,Saki West,278002
Surulere O,Surulere O,142070
Barkin Ladi,Barkin Ladi,175267
Bassa P,Bassa P,186859
Bokkos,Bokkos,178454
Jos East,Jos East,85602
Jos North,Jos North,429300
Jos South,Jos South,306716
Kanam,Kanam,165898
Kanke,Kanke,121424
Langtang North,Langtang North,140643
Langtang South,Langtang South,106305
Mangu,Mangu,294931
Mikang,Mikang,97411
Pankshin,Pankshin,191685
Quan-pan,Quan-pan,196929
Riyom,Riyom,131557
Shendam,Shendam,208017
Wase,Wase,161714
Abua/Odual,Abua/Odual,282988
Ahoada East,Ahoada East,166747
Ahoada West,Ahoada West,249425
Akukutoru,Akukutoru,156006
Andoni,Andoni,211009
Asari-Toru,Asari-Toru,220100
Bonny,Bonny,215358
Degema,Degema,249773
Eleme,Eleme,190884
Emuoha,Emuoha,201901
Etche,Etche,249454
Gonaka,Gonaka,228828
Ikwerre,Ikwerre,189726
Khana,Khana,294217
Obia/Akpor,Obia/Akpor,464789
Ogba/Egbema/Ndoni,Ogba/Egbema/Ndoni,284010
Ogu/Bolo,Ogu/Bolo,74683
Okrika,Okrika,222026
Omumma,Omumma,100366
Opobo/Nkoro,Opobo/Nkoro,151511
Oyigbo,Oyigbo,122687
Port Harcourt,Port Harcourt,541115
Tai,Tai,117797
Binji,Binji,105027
Bodinga,Bodinga,175406
Dange Shuni,Dange Shuni,194546
Gada,Gada,248267
Goronyo,Goronyo,182296
Gudu,Gudu,95544
Gwadabawa,Gwadabawa,231358
Illela,Illela,150489
Isa,Isa,146103
Kebbe,Kebbe,124658
Kware,Kware,133899
Rabah,Rabah,149165
Sabon Birni,Sabon Birni,207599
Shagari,Shagari,156413
Silame,Silame,104378
Sokoto North,Sokoto North,232846
Sokoto South,Sokoto South,194914
Tambuwal,Tambuwal,224931
Tangaza,Tangaza,113853
Tureta,Tureta,68370
Wammako,Wammako,179619
Wurno,Wurno,162307
yabo,yabo,115011
Ardo-Kola,Ardo-Kola,86921
Bali,Bali,208935
Donga,Donga,134111
Gashaka,Gashaka,87781
Gassol,Gassol,244749
Ibbi,Ibbi,84054
jalingo,jalingo,139845
Karim-Lamido,Karim-Lamido,195844
Kurmi,Kurmi,91531
Lau,Lau,96590
Sardauna,Sardauna,224437
Takum,Takum,135349
Ussa,Ussa,112270
Wukari,Wukari,241546
Yorro,Yorro,89410
Zing,Zing,127363
Bade,Bade,139782
Bursari,Bursari,109124
Damaturu,Damaturu,88014
Fika,Fika,136895
Fune,Fune,300760
Geidam,Geidam,157295
Gujba,Gujba,130088
Gulani,Gulani,103510
Jakusko,Jakusko,229083
Karasuwa,Karasuwa,106992
Machina,Machina,61606
Nangere,Nangere,87823
Nguru,Nguru,150632
Potiskum,Potiskum,205876
Tarmuwa,Tarmuwa,77204
Yunusari,Yunusari,125821
Yusufari,Yusufari,111086
Anka,Anka,142280
B/Magaji,B/Magaji,178619
Bakura,Bakura,186905
Bukkuyum,Bukkuyum,211633
Bungudu,Bungudu,257917
Gummi,Gummi,204539
Gusau,Gusau,383162
Kaura Namoda,Kaura Namoda,281367
Maradun,Maradun,210852
Maru,Maru,291900
Shinkafi,Shinkafi,135649
Talata Mafara,Talata Mafara,215178
Tsafe,Tsafe,266008
Zurmi,Zurmi,293837
Abaji,Abaji,58444
Abuja Municipal,Abuja Municipal,778567
Bwari,Bwari,227216
Gwagwalada,Gwagwalada,157770
Kuje,Kuje,97367
Kwali,Kwali,85837
